Gen Number,Black Line Percentage,Gen Number,Diversity,Gen Number,Fitness,Gen Number, Mean Fitness
0,0.3768394113883557,0,0.5332523493398348,0,0.3768935886376499,0,0.0189810764128824
1,0.3429302623160589,1,0.6040414907443606,1,0.3432501599488164,1,0.0191123003852368
2,0.2975047984644913,2,0.5560309295220548,2,0.2978246960972489,2,0.0168256647720943
3,0.3397312859884837,3,0.5505339120667568,3,0.3400511836212412,3,0.0242823841510263
4,0.6858605246321178,4,0.5562024896212008,4,0.685913878253004,4,0.0641595276050733
5,0.8035828534868842,5,0.5318253716142299,5,0.8036612222836953,5,0.0724246293315931
6,0.90978886756238,6,0.6122699768057324,6,0.9098131034544942,6,0.1197753812558462
7,0.944337811900192,7,0.5389362115901476,7,0.9443447398514152,7,0.1400126266263981
8,0.7415227127319258,8,0.527953863189521,8,0.7418055181580593,8,0.1429574243968203
9,0.8029430582213691,9,0.5119114438848418,9,0.8032629558541267,9,0.1486489938922653
10,0.925783749200256,10,0.5372395061527583,10,0.9257901602012086,10,0.2414243409769881
11,0.7172104926423545,11,0.4901370868262658,11,0.717214461053449,11,0.2716444004075727
12,0.9155470249520152,12,0.5012700551652223,12,0.9157487323710872,12,0.2400167344068671
13,0.9065898912348048,13,0.5490010658756623,13,0.9069097888675623,13,0.2532192170881004
14,0.9040307101727448,14,0.5361652529720167,14,0.9043506078055022,14,0.1642353137069942
15,0.90722968650032,15,0.5251772687300671,15,0.9075495841330774,15,0.2053489465703654
16,0.8950735764555342,16,0.5120543574143336,16,0.8953934740882917,16,0.1434236315217927
17,0.9334612923864364,17,0.4675658936387075,17,0.9334870514687676,17,0.1684379873620544
18,0.9033909149072296,18,0.4364937494551453,18,0.9036769514815232,18,0.1615553584633039
19,0.9161868202175304,19,0.44893749226362,19,0.916506717850288,19,0.1502745364038615
20,0.8880358285348688,20,0.4597644443518603,20,0.8883557261676264,20,0.1873585943410262
21,0.8989123480486244,21,0.4507465491378795,21,0.8992322456813819,21,0.2453941441991786
22,0.891874600127959,22,0.4154014279427099,22,0.8921944977607166,22,0.1588608297017532
23,0.8995521433141395,23,0.4004414514004318,23,0.899872040946897,23,0.1516637627959454
24,0.9046705054382598,24,0.4278934922897982,24,0.9049904030710172,24,0.1467715223165113
25,0.9161868202175304,25,0.4160512331129073,25,0.916506717850288,25,0.1569408536419945
26,0.8976327575175944,26,0.3910690070096608,26,0.8979526551503519,26,0.1537079605974008
27,0.90850927703135,27,0.4133948654463301,27,0.9088291746641076,27,0.2648094866521657
28,0.9046705054382598,28,0.3086599242737634,28,0.9049904030710172,28,0.1597437186441833
29,0.891234804862444,29,0.2903417566738623,29,0.8915547024952015,29,0.157912505634693
30,0.9155470249520152,30,0.3576630182756468,30,0.9158669225847728,30,0.1760896945003385
31,0.9181062060140754,31,0.3677557284794148,31,0.918426103646833,31,0.1573878335999626
32,0.8982725527831094,32,0.3255728609032672,32,0.8985924504158669,32,0.1619273647351776
33,0.8937939859245042,33,0.3811633163981639,33,0.8941138835572617,33,0.1723913980412392
34,0.9053103007037748,34,0.382923013425257,34,0.9056301983365324,34,0.1656386431354531
35,0.9065898912348048,35,0.4368012009881955,35,0.9069097888675623,35,0.2621416478778954
36,0.9046705054382598,36,0.4441990563734263,36,0.9049904030710172,36,0.1436319684550927
37,0.9117082533589252,37,0.4113313170009317,37,0.9120281509916828,37,0.1588612307123477
38,0.90595009596929,38,0.3997399413550322,38,0.9062699936020474,38,0.1370115271700599
39,0.9129878438899552,39,0.402830474050537,39,0.9133077415227128,39,0.1700465793632012
40,0.889955214331414,40,0.3979598519797225,40,0.8902751119641715,40,0.1809881009579864
41,0.8867562380038387,41,0.4271433787253197,41,0.8870761356365963,41,0.1699207670038129
42,0.90722968650032,42,0.450195440295804,42,0.9075495841330774,42,0.1788481486520418
43,0.9488163787587972,43,0.4341013212327559,43,0.9488514192986623,43,0.2197220019380451
44,0.9264235444657708,44,0.4633145775596139,44,0.9264763638773476,44,0.2030113228624097
45,0.9436980166346768,45,0.5034083450222114,45,0.9440179142674344,45,0.2054111588896414
46,0.9430582213691618,46,0.5029290946836218,46,0.9433781190019194,46,0.1363321427075403
47,0.9373000639795266,47,0.5126490723297263,47,0.937619961612284,47,0.1789463722367515
48,0.9430582213691618,48,0.4340941549064247,48,0.9433781190019194,48,0.3160188536980761
49,0.9417786308381318,49,0.4600710717249326,49,0.9420985284708894,49,0.3319559749756424
50,0.9341010876519512,50,0.468259574010598,50,0.9343757498689916,50,0.2718516475664893
51,0.9379398592450416,51,0.5147617122835902,51,0.9382597568777992,51,0.249070219245236
52,0.9373000639795266,52,0.4723151089128446,52,0.937619961612284,52,0.2444996317501509
53,0.9353806781829814,53,0.4728556908749237,53,0.935700575815739,53,0.2024559106437125
54,0.9366602687140116,54,0.4621716263245883,54,0.9368979719741382,54,0.2406430681694263
55,0.9309021113243762,55,0.5264264805292119,55,0.9312220089571336,55,0.2146209325429905
56,0.9424184261036468,56,0.543304072708577,56,0.9426939695952774,56,0.1436312749344582
57,0.9436980166346768,57,0.5346225573446729,57,0.9440179142674344,57,0.2008052907359002
58,0.9347408829174664,58,0.4778211499594557,58,0.935060780550224,58,0.2748914960837185
59,0.9373000639795266,59,0.477615115221546,59,0.9375368524687308,59,0.2298694199395737
60,0.9430582213691618,60,0.4609497766930335,60,0.9433337648607923,60,0.2361372919511066
61,0.9360204734484964,61,0.480767153827194,61,0.9362960169401272,61,0.1863395181731343
62,0.9424184261036468,62,0.3991246715831098,62,0.942548303807244,62,0.2695646476066278
63,0.9360204734484964,63,0.4235808966974053,63,0.9362572560156532,63,0.1894413707648872
64,0.9353806781829814,64,0.3923946943085444,64,0.935700575815739,64,0.1864015422478525
65,0.9379398592450416,65,0.3515743449793954,65,0.9382154027366724,65,0.1864293329915975
66,0.9379398592450416,66,0.372335726540599,66,0.9382597568777992,66,0.1892920602840231
67,0.9360204734484964,67,0.3925287518547167,67,0.936340371081254,67,0.1940043988826829
68,0.9251439539347408,68,0.3826495726863214,68,0.9254638515674984,68,0.2001700798899889
69,0.9392194497760716,69,0.3850563530495588,69,0.9395393474088292,69,0.2308909001155766
70,0.9341010876519512,70,0.4531061197861198,70,0.9344209852847088,70,0.1943362125786196
71,0.9379398592450416,71,0.4280756615738436,71,0.9382154027366724,71,0.2015989678836079
72,0.9385796545105566,72,0.4102756290909168,72,0.9388551980021872,72,0.1857949636572794
73,0.944337811900192,73,0.4008952252444857,73,0.9445745944673486,73,0.3263555761740266
74,0.9341010876519512,74,0.3930207578617216,74,0.9343376257812924,74,0.3236666570190418
75,0.9360204734484964,75,0.3450773811997489,75,0.936340371081254,75,0.3705234722126386
76,0.9411388355726168,76,0.3593414208246728,76,0.9413426518419212,76,0.3527662129373946
77,0.9385796545105566,77,0.2735951711357356,77,0.9386627920058512,77,0.4416029298670549
78,0.9373000639795266,78,0.3020224768283062,78,0.9373029100983004,78,0.3739800379013376
79,0.9347408829174664,79,0.3255261591243579,79,0.9347728726807422,79,0.4291103318444109
80,0.9392194497760716,80,0.3163572610981244,80,0.9393936009640872,80,0.2900315526055465
81,0.9385796545105566,81,0.3027523290269426,81,0.9388150077458834,81,0.3158498953531919
82,0.9341010876519512,82,0.3505551734801379,82,0.934303394803106,82,0.2933646886250981
83,0.9379398592450416,83,0.3564785357231703,83,0.9381430472169004,83,0.3370025065641309
84,0.9392194497760716,84,0.3840887891479237,84,0.9394214983502848,84,0.2316616057956932
85,0.9430582213691618,85,0.4238701873527853,85,0.9432950449217652,85,0.2437899025555481
86,0.9398592450415868,86,0.4585841141803792,86,0.9401341566566812,86,0.2092377923119793
87,0.9385796545105566,87,0.424656601854862,87,0.938899552143314,87,0.257543397117513
88,0.9373000639795266,88,0.3966380706997702,88,0.9375053953940904,88,0.1853455787503217
89,0.9513755598208572,89,0.4639110586097038,89,0.9515248871615802,89,0.3495176291710551
90,0.9475367882277672,90,0.4668744490938369,90,0.9478566858605246,90,0.4060475112950233
91,0.9513755598208572,91,0.4759483976176348,91,0.9516954574536148,91,0.3169229541798807
92,0.9552143314139476,92,0.4643103977883644,92,0.9553917430996416,92,0.3699297350935106
93,0.9532949456174024,93,0.4598040043303802,93,0.95361484325016,93,0.3203483731020363
94,0.9545745361484324,94,0.4069263365305194,94,0.95470450861815,94,0.4879010737519137
95,0.9520153550863724,95,0.4348744448321488,95,0.95233525271913,95,0.4044095028934527
96,0.9526551503518874,96,0.3531858348719197,96,0.9529750479846448,96,0.5158858992361641
97,0.9539347408829176,97,0.27899385070165,97,0.9540451818626392,97,0.5958547148010582
98,0.9532949456174024,98,0.220983749259045,98,0.953465415498998,98,0.5585244478541374
99,0.9552143314139476,99,0.2109058661416828,99,0.955360239259346,99,0.6017955132810057
100,0.9571337172104928,100,0.1876785961762113,100,0.9572803780648164,100,0.6532769470512689
101,0.9571337172104928,101,0.2004127999391637,101,0.9573346475369436,101,0.5249685982154124
102,0.9584133077415228,102,0.2318639962802419,102,0.9585853533970612,102,0.4858976120820945
103,0.9507357645553424,103,0.2832026721610117,103,0.9510083127856632,103,0.3474213316851018
104,0.9590531030070376,104,0.266488324348316,104,0.9592891315683472,104,0.4134532621709476
105,0.9571337172104928,105,0.2624382277663973,105,0.957369268094413,105,0.5492715375911231
106,0.9507357645553424,106,0.278125257467685,106,0.9510083127856632,106,0.2391087492539
107,0.9552143314139476,107,0.3130460928324864,107,0.955534229046705,107,0.303253010872763
108,0.9558541266794626,108,0.3277400983117158,108,0.9560272685203614,108,0.3773682497360503
109,0.9564939219449776,109,0.2967454833068664,109,0.9567687816892334,109,0.3832851988290532
110,0.9558541266794626,110,0.2854340515934199,110,0.9559458141093768,110,0.4317843450207957
111,0.9552143314139476,111,0.2788554664717699,111,0.9554886340289308,111,0.5150834472337102
112,0.9571337172104928,112,0.2702204577159903,112,0.9573668054618985,112,0.4182473308507049
113,0.9539347408829176,113,0.3124647869892162,113,0.9539551512939192,113,0.3804042196057623
114,0.9526551503518874,114,0.3063902650522199,114,0.9529302124942506,114,0.4275487165104094
115,0.9520153550863724,115,0.3007279833282478,115,0.9520749435651892,115,0.526307399439423
116,0.9558541266794626,116,0.2659405291134198,116,0.9559371864698966,116,0.6321585102286892
117,0.9577735124760076,117,0.293259252199609,117,0.9580934101087653,117,0.5793064263166633
118,0.9571337172104928,118,0.2859694787691443,118,0.9574071182570192,118,0.5716650187629833
119,0.9577735124760076,119,0.3259813914152341,119,0.9580934101087653,119,0.5641295782662867
120,0.9577735124760076,120,0.3698021589559971,120,0.9578894200521748,120,0.4252758447968993
121,0.9545745361484324,121,0.3334603658436403,121,0.9547771585582768,121,0.3836281556674042
122,0.9571337172104928,122,0.298375300458967,122,0.9571778474537052,122,0.30653032521238
123,0.9564939219449776,123,0.2848455971398333,123,0.9565275700156038,123,0.2895135120694902
124,0.944977607165707,124,0.3037942174179359,124,0.9452586273083596,124,0.1482372222737464
125,0.6679462571976967,125,0.2641344744757879,125,0.6679851109844575,125,0.206969381789897
126,0.7543186180422264,126,0.2441151842561665,126,0.7543500796660011,126,0.1933308273038298
127,0.9040307101727448,127,0.2650883828853097,127,0.9041171603661484,127,0.2518604153550375
128,0.9302623160588612,128,0.2572628930977534,128,0.930333004538142,128,0.3533468254398603
129,0.9545745361484324,129,0.3011644640053727,129,0.9546047107489652,129,0.3627542925414512
130,0.9558541266794626,130,0.3063831084098262,130,0.95617402431222,130,0.4156036911510176
131,0.946257197696737,131,0.2929296409396464,131,0.9464372843110422,131,0.4271433649601587
132,0.9564939219449776,132,0.2788964537214594,132,0.9566795528276668,132,0.5309547817645092
133,0.9526551503518874,133,0.3332434335036391,133,0.9526889171637996,133,0.4937875311086034
134,0.9564939219449776,134,0.3564722534644235,134,0.9566254162427904,134,0.6511925024392229
135,0.9513755598208572,135,0.3406424239898189,135,0.9514596270387828,135,0.5742624676170502
136,0.9507357645553424,136,0.3242373134186509,136,0.9510556621880998,136,0.5283302882615285
137,0.9507357645553424,137,0.3168958810459185,137,0.9510189760436646,137,0.4258401834024872
138,0.9513755598208572,138,0.3448631345903525,138,0.9516149621328271,138,0.1894377510733468
139,0.9507357645553424,139,0.341428573201209,139,0.9509814508111843,139,0.2822719262811573
140,0.9552143314139476,140,0.3439472225552313,140,0.9554538021718753,140,0.2912290018330581
141,0.9513755598208572,141,0.3420826865273895,141,0.9516559469141292,141,0.1891176059181235
142,0.9552143314139476,142,0.3650730913033141,142,0.955534229046705,142,0.2509556735465388
143,0.9526551503518874,143,0.3384971833245679,143,0.9529354573044218,143,0.2357272182333152
144,0.9552143314139476,144,0.3550466509461158,144,0.955494638366482,144,0.2800346916272175
145,0.9513755598208572,145,0.3738130720176669,145,0.9516954574536148,145,0.3209690349447975
146,0.9558541266794626,146,0.390382063541172,146,0.9561344336319968,146,0.231363051767043
147,0.9564939219449776,147,0.4254178679055213,147,0.956774228897512,147,0.2653223750452245
148,0.9532949456174024,148,0.4150995452681546,148,0.95361484325016,148,0.282530717591956
149,0.9436980166346768,149,0.4206540490373011,149,0.9440179142674344,149,0.1973576610677119
150,0.9564939219449776,150,0.3976405449399978,150,0.9568138195777351,150,0.1973936926436606
151,0.9526551503518874,151,0.4315320020663485,151,0.9529750479846448,151,0.3163927680275025
152,0.9539347408829176,152,0.4064010978052569,152,0.95411166398013,152,0.3968423319896086
153,0.9558541266794626,153,0.3942475689414988,153,0.9561344115651628,153,0.3145099888911636
154,0.9526551503518874,154,0.3839012680209487,154,0.952935490243546,154,0.340867263754923
155,0.9526551503518874,155,0.4005132563877458,155,0.9526807501524986,155,0.3147138742061841
156,0.9532949456174024,156,0.3218619415471846,156,0.9533746792042768,156,0.5258511274860537
157,0.9520153550863724,157,0.3419636257311288,157,0.95233525271913,157,0.295158324234172
158,0.9558541266794626,158,0.3445001073296004,158,0.9559531590123286,158,0.4984173538640014
159,0.9545745361484324,159,0.3429412475480243,159,0.9547747194954104,159,0.4508866339048036
160,0.9577735124760076,160,0.3709225075451421,160,0.9580934101087653,160,0.2997361274240184
161,0.9558541266794626,161,0.3953099520322568,161,0.9561264723525472,161,0.1906152674921782
162,0.9577735124760076,162,0.4198840618518001,162,0.9580458581490924,162,0.4192709730824083
163,0.9571337172104928,163,0.4188752476572511,163,0.9573355048749524,163,0.4378842926702256
164,0.9577735124760076,164,0.4252771823476399,164,0.958045881060744,164,0.3926329895517375
165,0.9520153550863724,165,0.4792290842023781,165,0.9522502897485888,165,0.2793992818229777
166,0.9532949456174024,166,0.3732980383232114,166,0.9534086343590088,166,0.3896541318867249
167,0.9552143314139476,167,0.3398467700974562,167,0.9554865101607186,167,0.49195446738183
168,0.9526551503518874,168,0.3808238742828205,168,0.9527097244624604,168,0.5048586848865992
169,0.9558541266794626,169,0.3478952595402639,169,0.95617402431222,169,0.5213897180121216
170,0.9571337172104928,170,0.2471574361543607,170,0.957218009280432,170,0.6444940733896038
171,0.9577735124760076,171,0.2647343463254778,171,0.9580934101087653,171,0.6003971032945117
172,0.9577735124760076,172,0.3001190087812855,172,0.9580512382752352,172,0.4393878395749959
173,0.9577735124760076,173,0.2495826716808654,173,0.9578860576442,173,0.5655171837749335
174,0.9545745361484324,174,0.2989755143681388,174,0.95489443378119,174,0.4589136939160672
175,0.9526551503518874,175,0.320748006217919,175,0.9529750479846448,175,0.3224744382201087
176,0.9539347408829176,176,0.3732870440212504,176,0.954212609517878,176,0.380829822752841
177,0.9577735124760076,177,0.4098969381617677,177,0.9579554338902216,177,0.3860416029701802
178,0.9577735124760076,178,0.47453432024604,178,0.9580516552257076,178,0.2128278297092147
179,0.9558541266794626,179,0.4412333537513594,179,0.956131995314423,179,0.4402945236180171
180,0.9577735124760076,180,0.4291529615387194,180,0.9578684877352958,180,0.4935652632556221
181,0.9577735124760076,181,0.3774971718604805,181,0.9578401621448772,181,0.628271008647358
182,0.9577735124760076,182,0.3552944837100706,182,0.9580471532652792,182,0.5674889436350989
183,0.9577735124760076,183,0.3280886611565527,183,0.9580934101087653,183,0.4676086167482589
184,0.9571337172104928,184,0.3287200254572862,184,0.9574152670674452,184,0.4541407681494884
185,0.9539347408829176,185,0.3546312431208518,185,0.95421629073987,185,0.4708129387859361
186,0.9571337172104928,186,0.3227689371903175,186,0.9574536148432502,186,0.4299144208218776
187,0.9571337172104928,187,0.3136036678515643,187,0.9574536148432502,187,0.4336411510091414
188,0.9564939219449776,188,0.2613568342452212,188,0.9567724538707804,188,0.5929830720087691
189,0.9558541266794626,189,0.2515420216301804,189,0.9560105527015166,189,0.6281055197493217
190,0.9564939219449776,190,0.2754423147779785,190,0.9568138195777351,190,0.4513934654716032
191,0.9571337172104928,191,0.2716643676034615,191,0.9573719955913996,191,0.5383356839692814
192,0.9552143314139476,192,0.3075779240003053,192,0.9553704589490396,192,0.4571546227323649
193,0.9577735124760076,193,0.3378574065029728,193,0.9579775888699172,193,0.3721526084257576
194,0.9552143314139476,194,0.3295349447936399,194,0.955534229046705,194,0.3791036716299628
195,0.9577735124760076,195,0.3203746995563307,195,0.9579475276787266,195,0.4741599558020474
196,0.9545745361484324,196,0.3129904004796456,196,0.95489443378119,196,0.5462461616229272
197,0.9571337172104928,197,0.3306148429123596,197,0.9574536148432502,197,0.5018441759215297
198,0.9577735124760076,198,0.3113322515679741,198,0.9580470368422704,198,0.4738738243781611
199,0.9584133077415228,199,0.2915430117964647,199,0.958622613695261,199,0.5308128850192102
200,0.9539347408829176,200,0.3161683860882859,200,0.9540550381333088,200,0.4888089834174568
201,0.9564939219449776,201,0.3080899373339059,201,0.9567383360567558,201,0.3573792848614835
202,0.9545745361484324,202,0.3113327096789799,202,0.9546076517402532,202,0.5103057066806458
203,0.9584133077415228,203,0.3066686467954821,203,0.9584917519209144,203,0.5037424632955332
204,0.9532949456174024,204,0.2977983240575727,204,0.9534813396013726,204,0.6353006430425563
205,0.9564939219449776,205,0.3007718390321633,205,0.9567049785149406,205,0.5975139371560386
206,0.9584133077415228,206,0.2831435681282098,206,0.9585479283230416,206,0.5706031143279935
207,0.9577735124760076,207,0.2672673149592448,207,0.957824969542769,207,0.5017034340789092
208,0.9571337172104928,208,0.3073562663256804,208,0.9574536148432502,208,0.3583861619393553
209,0.9571337172104928,209,0.327364209327789,209,0.9572426929477522,209,0.3738163624184283
210,0.9507357645553424,210,0.2885804115405042,210,0.9507966893760104,210,0.4030273509718682
211,0.9532949456174024,211,0.297108393344236,211,0.95361484325016,211,0.3291611165507511
212,0.9532949456174024,212,0.281393294157294,212,0.9535670701549874,212,0.3743653500555142
213,0.9539347408829176,213,0.3142220435279241,213,0.954254638515675,213,0.2886343804738427
214,0.9571337172104928,214,0.2785699861553201,214,0.9573067216992472,214,0.3782283910152025
215,0.9526551503518874,215,0.2916578254556589,215,0.9528868222107906,215,0.3603531297309228
216,0.9513755598208572,216,0.3270330181161566,216,0.9516073648567122,216,0.2970906478640587
217,0.9532949456174024,217,0.3605856344349072,217,0.95361484325016,217,0.2018107276127157
218,0.9571337172104928,218,0.3584837957513407,218,0.9574536148432502,218,0.2697319653190469
219,0.9564939219449776,219,0.3539495255917403,219,0.9568138195777351,219,0.2877976184127432
220,0.9577735124760076,220,0.3688679328042279,220,0.958009550759774,220,0.1981386722135325
221,0.9571337172104928,221,0.4123391390062583,221,0.9574084999310364,221,0.2427685712377694
222,0.9564939219449776,222,0.3591605453017219,222,0.9568138195777351,222,0.3050797285207655
223,0.9571337172104928,223,0.3722279507530742,223,0.9573359147358916,223,0.2873552514970338
224,0.9513755598208572,224,0.4141480396677847,224,0.9516511115585508,224,0.3429255553862617
225,0.9539347408829176,225,0.4135928363410484,225,0.9541693221604722,225,0.2592112903306245
226,0.9577735124760076,226,0.3780213448508971,226,0.9579572863902082,226,0.2794211890694415
227,0.9571337172104928,227,0.3664904541538886,227,0.9573369233846156,227,0.4488082064738855
228,0.9526551503518874,228,0.3497544681894072,228,0.9526821910485116,228,0.4463132515564481
229,0.9532949456174024,229,0.3587737643786503,229,0.9535013630404444,229,0.4081763918518969
230,0.9577735124760076,230,0.3267183359973685,230,0.9580934101087653,230,0.5307271075176322
231,0.9577735124760076,231,0.3648137146913523,231,0.9580934101087653,231,0.4397824682758521
232,0.9577735124760076,232,0.3666696670177311,232,0.958050073701025,232,0.3974008795519373
233,0.9558541266794626,233,0.3553374956743612,233,0.9560614805032008,233,0.2578499700396405
234,0.9564939219449776,234,0.3758074450380972,234,0.9567702001809588,234,0.4512440100088667
235,0.9539347408829176,235,0.4079770782183806,235,0.9542115883466664,235,0.2382156412749893
236,0.9571337172104928,236,0.3906165537837414,236,0.957371482681491,236,0.3457413307879253
237,0.9539347408829176,237,0.379347790772069,237,0.9542112836940396,237,0.4620221474099777
238,0.9545745361484324,238,0.379079643914222,238,0.95489443378119,238,0.426172959326754
239,0.9481765834932822,239,0.384675109731136,239,0.9484964811260396,239,0.26557180201918
240,0.9513755598208572,240,0.3745829979062943,240,0.9516954574536148,240,0.412596565088618
241,0.9552143314139476,241,0.4198823733310147,241,0.9554555273161612,241,0.4018510103319717
242,0.9500959692898272,242,0.4755236820007389,242,0.9503019771675923,242,0.2236946003401014
243,0.9526551503518874,243,0.3953650450703893,243,0.9529332228452294,243,0.2708811444783888
244,0.9577735124760076,244,0.3545553292492429,244,0.9579803122909376,244,0.444936174773152
245,0.9571337172104928,245,0.3894331043642701,245,0.9574536148432502,245,0.4734118633819305
246,0.9552143314139476,246,0.4310793167188825,246,0.955491773776702,246,0.3799706438422776
247,0.9577735124760076,247,0.4329912479584649,247,0.958013110659985,247,0.4283987848390985
248,0.9513755598208572,248,0.3992682976376697,248,0.951616107751561,248,0.4128761652239618
249,0.9577735124760076,249,0.3889372068944368,249,0.9579316182627604,249,0.2907206656499088
250,0.9532949456174024,250,0.4282602438049066,250,0.9535038084568984,250,0.2398769155782043
251,0.9571337172104928,251,0.3881807780789927,251,0.95717272618726,251,0.3613720755094727
252,0.9552143314139476,252,0.3921946417748482,252,0.9554927212769012,252,0.3643873697491896
253,0.9500959692898272,253,0.4145383288341058,253,0.9503349603569248,253,0.2793837550511729
254,0.9475367882277672,254,0.3905949789276349,254,0.9476782242913137,254,0.3294189148199629
255,0.9564939219449776,255,0.3491340262396323,255,0.9567479343770822,255,0.4444573549781402
256,0.9545745361484324,256,0.3883717442634783,256,0.9548137466612584,256,0.2914167922801984
257,0.9526551503518874,257,0.3179591932977551,257,0.9528943436722572,257,0.3263503959806021
258,0.9520153550863724,258,0.2862334099016166,258,0.95229154086903,258,0.3456946527509648
259,0.9552143314139476,259,0.3019225913410705,259,0.955534229046705,259,0.2786531861153437
260,0.946896992962252,260,0.3195870580188872,260,0.9469204605980374,260,0.3681291849417957
261,0.9552143314139476,261,0.3551175340553208,261,0.9553870527004908,261,0.4871933178834801
262,0.9558541266794626,262,0.3981455536007827,262,0.95617402431222,262,0.4974686253806302
263,0.9545745361484324,263,0.2959138198377434,263,0.954806907004532,263,0.5308508090651658
264,0.9552143314139476,264,0.2891874222411207,264,0.955534229046705,264,0.5030904670077431
265,0.9539347408829176,265,0.3257821141957275,265,0.954209228175432,265,0.427902362618099
266,0.9532949456174024,266,0.3407260152473085,266,0.95361484325016,266,0.3876376446528725
267,0.9481765834932822,267,0.3260687739065133,267,0.9483943563770744,267,0.39685871170566
268,0.9507357645553424,268,0.3521555467066677,268,0.951013830856329,268,0.4283033471597667
269,0.9526551503518874,269,0.3695297195810971,269,0.9528722992826216,269,0.3449734678097195
270,0.9520153550863724,270,0.33715169571803,270,0.9521527204625986,270,0.410645513790094
271,0.9526551503518874,271,0.3429897439547916,271,0.9527005201650708,271,0.46045412337136
272,0.9526551503518874,272,0.3130618008081141,272,0.9529290115357067,272,0.3364252943068863
273,0.9507357645553424,273,0.2791572919872233,273,0.9509712015170376,273,0.4692135516033178
274,0.9520153550863724,274,0.2991714062473746,274,0.9522491933557464,274,0.47429463059825
275,0.9539347408829176,275,0.2880362987140547,275,0.9539743214879384,275,0.5749719053053457
276,0.9532949456174024,276,0.3233915638263546,276,0.953544610560884,276,0.6045689308291158
277,0.9500959692898272,277,0.287644805477993,277,0.9503757266107002,277,0.6494118000124258
278,0.9545745361484324,278,0.30269721274696,278,0.9546058950265696,278,0.328621230094513
279,0.9475367882277672,279,0.3245325942545001,279,0.9475673688914684,279,0.3592701509517896
280,0.9526551503518874,280,0.3407349642095407,280,0.9527725779074186,280,0.4635865016551131
281,0.9526551503518874,281,0.3213518788660915,281,0.9529750479846448,281,0.5091391584229905
282,0.9494561740243124,282,0.3088726019522996,282,0.9496610089881304,282,0.422493329120741
283,0.9539347408829176,283,0.3421652730655556,283,0.9541092319287426,283,0.5276626160441653
284,0.9545745361484324,284,0.3656747893120901,284,0.95489443378119,284,0.3318092527638987
285,0.9526551503518874,285,0.3326486945827508,285,0.9529313330578976,285,0.4567714689503015
286,0.9507357645553424,286,0.3667482798108976,286,0.950958454164198,286,0.3620223488702314
287,0.9545745361484324,287,0.4031834787202566,287,0.9546291350379714,287,0.2420750356746979
288,0.9539347408829176,288,0.3609575361875179,288,0.9540265182353416,288,0.1998016318031129
289,0.9500959692898272,289,0.3834180391352019,289,0.9504158669225848,289,0.2515922447148598
290,0.9507357645553424,290,0.3952891352353764,290,0.9508988492063116,290,0.4042105254973581
291,0.9500959692898272,291,0.3722523641285217,291,0.9503759925725694,291,0.429069360323696
292,0.9520153550863724,292,0.4206653453760555,292,0.9522576085358884,292,0.2663749865025945
293,0.9526551503518874,293,0.4273662288729957,293,0.952937194740634,293,0.3244292831225113
294,0.9513755598208572,294,0.4465587050511008,294,0.9516178132703732,294,0.3571916196901326
295,0.9481765834932822,295,0.4555564210126349,295,0.9484600758957568,295,0.3254306104893323
296,0.9488163787587972,296,0.4117904148119123,296,0.9491362763915548,296,0.3459047687219392
297,0.9526551503518874,297,0.3883625392368,297,0.9529378683050148,297,0.3383204841908616
298,0.9552143314139476,298,0.4472179448506324,298,0.9554627585975766,298,0.3790414397531875
299,0.9545745361484324,299,0.3987133799414538,299,0.9546922931471532,299,0.4586307212566803
300,0.9526551503518874,300,0.2867822927418502,300,0.9529300782100394,300,0.5078202230496831
301,0.9520153550863724,301,0.3136335228609875,301,0.9522534656591096,301,0.3575408611158254
302,0.9436980166346768,302,0.3191986386256499,302,0.943934539667412,302,0.2349891788323372
303,0.9545745361484324,303,0.3012650087921968,303,0.9547515628967308,303,0.2900745282306496
304,0.9513755598208572,304,0.3029473383790928,304,0.9514673957798936,304,0.3822043656210968
305,0.9539347408829176,305,0.3159059180219326,305,0.9541366425856416,305,0.3436881216912298
306,0.9507357645553424,306,0.3322730079097496,306,0.9508928187145268,306,0.3845410499705025
307,0.9526551503518874,307,0.3138676650377791,307,0.9529750479846448,307,0.3616295013476919
308,0.9500959692898272,308,0.3615478358248893,308,0.9503032332279848,308,0.3629788744991641
309,0.9539347408829176,309,0.371071326633009,309,0.9542138711329128,309,0.4892099349717885
310,0.9552143314139476,310,0.3330304709655637,310,0.955534229046705,310,0.4198899299735071
311,0.9532949456174024,311,0.3222365405333615,311,0.9535741575299984,311,0.4330043876591953
312,0.9513755598208572,312,0.3373408748062297,312,0.9516156738196292,312,0.2444909630625522
313,0.9539347408829176,313,0.3440949554172556,313,0.9541751414200916,313,0.2910954672353866
314,0.9500959692898272,314,0.3491753027017145,314,0.9503375669303736,314,0.2461826756686321
315,0.9526551503518874,315,0.4006497647454242,315,0.952863397183632,315,0.308970699638018
316,0.9552143314139476,316,0.4196966698765311,316,0.9554552731138168,316,0.2741715979301281
317,0.946896992962252,317,0.4313880088020358,317,0.9471730437893966,317,0.2859638294867997
318,0.9520153550863724,318,0.4574285215999337,318,0.9521489559595162,318,0.3342706041296661
319,0.9526551503518874,319,0.4402015618267357,319,0.95293231385994,319,0.3450585376031977
320,0.9500959692898272,320,0.4357312823010114,320,0.9503731327978798,320,0.2372469148360994
321,0.9532949456174024,321,0.3712201641405519,321,0.95361484325016,321,0.3325864756306138
322,0.9526551503518874,322,0.3082479217858957,322,0.9529311967882026,322,0.3516212650381984
323,0.9494561740243124,323,0.2873681999429806,323,0.9497322204606274,323,0.4318181118557399
324,0.9481765834932822,324,0.2671265574273779,324,0.9484129716024496,324,0.4622373719277962
325,0.9558541266794626,325,0.2744144461510747,325,0.956130629198554,325,0.4552969719408514
326,0.9558541266794626,326,0.2787184335936736,326,0.9559647230654084,326,0.4610816417993445
327,0.9526551503518874,327,0.2912032644376874,327,0.952698079053042,327,0.4932343389610195
328,0.9545745361484324,328,0.3165021303988224,328,0.954851367891891,328,0.3643824367773416
329,0.9507357645553424,329,0.3424552606867967,329,0.9508854488903132,329,0.4590414660138496
330,0.9526551503518874,330,0.3248875756922562,330,0.9529321950633852,330,0.4567486911491624
331,0.9564939219449776,331,0.3245750500463144,331,0.9568138195777351,331,0.5866505783644762
332,0.9520153550863724,332,0.3235103797298814,332,0.95233525271913,332,0.5391543140125539
333,0.9552143314139476,333,0.4078830440843639,333,0.955534229046705,333,0.3749984061752818
334,0.9494561740243124,334,0.3667447675643622,334,0.9497760716570698,334,0.3677133428455705
335,0.9513755598208572,335,0.4026531853571288,335,0.9516954574536148,335,0.4232393925730472
336,0.9513755598208572,336,0.3592828491488983,336,0.9516954574536148,336,0.505552722542735
337,0.9500959692898272,337,0.3934792306123722,337,0.9502193253594202,337,0.5180511747453703
338,0.9488163787587972,338,0.3821742940235794,338,0.9490717251917644,338,0.3386784159542967
339,0.9532949456174024,339,0.3683260202205062,339,0.9533440629294272,339,0.4205592741564791
340,0.9507357645553424,340,0.4226838919517449,340,0.9509686436780104,340,0.4817542186011966
341,0.9526551503518874,341,0.4662742546969712,341,0.9529277547871032,341,0.2251997182588665
342,0.9513755598208572,342,0.3849481580493792,342,0.951648164256073,342,0.4102275345294327
343,0.9526551503518874,343,0.2861974180246838,343,0.9526727725669548,343,0.3252335251626204
344,0.946896992962252,344,0.2989323162300569,344,0.9471700841916066,344,0.1494500306739871
345,0.9494561740243124,345,0.3162557766317532,345,0.9497760716570698,345,0.1305467885998051
346,0.9436980166346768,346,0.2784083358521035,346,0.9440179142674344,346,0.1868246519853951
347,0.9436980166346768,347,0.2845835426020779,347,0.9439372253931808,347,0.1801433019459811
348,0.945617402431222,348,0.2979993388624358,348,0.9458618926068932,348,0.0944591442414523
349,0.6621880998080614,349,0.3305691944162438,349,0.6622509587058312,349,0.0551363012353905
350,0.9309021113243762,350,0.3446011949086073,350,0.9310568796328462,350,0.0539868116826534
351,0.9398592450415868,351,0.3271822006029907,351,0.9401371720839582,351,0.1752029472775579
352,0.9142674344209852,352,0.3479873506965305,352,0.9145453614633569,352,0.2053872663979725
353,0.8777991042866283,353,0.3647853011145069,353,0.8778958634661709,353,0.0719241646843657
354,0.91106845809341,354,0.3940044631119631,354,0.9113466222407596,354,0.1870249886140367
355,0.9174664107485604,355,0.4328239480408338,355,0.917786308381318,355,0.1221440370618818
356,0.9315419065898912,356,0.4327578695908366,356,0.9317045425861128,356,0.1118927480304395
357,0.9424184261036468,357,0.3355797031003044,357,0.9425401683378604,357,0.1994321727366325
358,0.944977607165707,358,0.3216612582061129,358,0.9452499777887368,358,0.144523187109173
359,0.9200255918106206,359,0.3299513925545781,359,0.920303086361715,359,0.1169716320544084
360,0.9360204734484964,360,0.3418850863165203,360,0.936340371081254,360,0.1230458398531719
361,0.9366602687140116,361,0.3325891672367299,361,0.936937763265106,361,0.1159010577885009
362,0.9366602687140116,362,0.3465267745129144,362,0.936937763265106,362,0.0942277012717766
363,0.9392194497760716,363,0.3642146420708105,363,0.939496944327166,363,0.128812462931242
364,0.9341010876519512,364,0.4142027727383622,364,0.9344209852847088,364,0.1218938534812819
365,0.9200255918106206,365,0.4038290155662641,365,0.920303086361715,365,0.1848255299494492
366,0.9309021113243762,366,0.3340057857232731,366,0.9312220089571336,366,0.1887643955917892
367,0.9366602687140116,367,0.3074988169739345,367,0.9369027625068512,367,0.2769188161582839
368,0.9475367882277672,368,0.3324147817791829,368,0.9476582713086767,368,0.3180992565571994
369,0.9481765834932822,369,0.3097656019787952,369,0.9484964811260396,369,0.3663340537767177
370,0.9379398592450416,370,0.3468739208627726,370,0.9382597568777992,370,0.31547359852904
371,0.945617402431222,371,0.3462695007128425,371,0.9459373000639796,371,0.3632051872032921
372,0.9475367882277672,372,0.3846697766143485,372,0.9478566858605246,372,0.3584705532748632
373,0.944977607165707,373,0.3494358201158944,373,0.945250595400594,373,0.376086317244239
374,0.9532949456174024,374,0.3596543877251346,374,0.9534287397311086,374,0.2600325072806709
375,0.9513755598208572,375,0.386882745515204,375,0.9516526497731186,375,0.2655025672707226
376,0.9430582213691618,376,0.4114409063441674,376,0.9433353113214232,376,0.1977912335014555
377,0.9520153550863724,377,0.417698616333744,377,0.9522924450386336,377,0.2888621379158351
378,0.9398592450415868,378,0.4649753096087119,378,0.940136334993848,378,0.2329911227541498
379,0.9526551503518874,379,0.4227768945476083,379,0.952699657066397,379,0.232148693760799
380,0.9532949456174024,380,0.430028741766122,380,0.9535720355696636,380,0.2166828269295509
381,0.946257197696737,381,0.4246075709944712,381,0.9465770953294944,381,0.1452815810758952
382,0.9430582213691618,382,0.370963810126287,382,0.9433781190019194,382,0.1574759645132027
383,0.9539347408829176,383,0.4159000465355539,383,0.954254638515675,383,0.1550762380710758
384,0.9417786308381318,384,0.4247015245005003,384,0.9420985284708894,384,0.2144326717967898
385,0.945617402431222,385,0.4168740717189939,385,0.9459373000639796,385,0.2242048158074214
386,0.9411388355726168,386,0.3935814098781875,386,0.9414587332053744,386,0.2091128998556891
387,0.944337811900192,387,0.3722562732800912,387,0.9445492615410338,387,0.1976297172885748
388,0.9411388355726168,388,0.3609429822505554,388,0.9414587332053744,388,0.32705991026858
389,0.9424184261036468,389,0.3841987931759216,389,0.9426719451514596,389,0.3924146438395587
390,0.9545745361484324,390,0.3613225122737243,390,0.95489443378119,390,0.1879370615337386
391,0.9539347408829176,391,0.3831444272913362,391,0.954254638515675,391,0.1894967528367232
392,0.9475367882277672,392,0.4056742010814419,392,0.947646646640407,392,0.3351489053827231
393,0.9488163787587972,393,0.3926496481558126,393,0.9488414014838688,393,0.3160131930417676
394,0.9526551503518874,394,0.4455025583490756,394,0.9526871401151632,394,0.2724030862699703
395,0.944337811900192,395,0.3578314838763438,395,0.9446197847197116,395,0.1981231839996168
396,0.9404990403071016,396,0.3673272748796158,396,0.9408189379398592,396,0.1495688569617583
397,0.9481765834932822,397,0.4015038452924483,397,0.9484964811260396,397,0.2035366567526165
398,0.9475367882277672,398,0.4040787204703308,398,0.9478566858605246,398,0.210128803827331
399,0.9475367882277672,399,0.395384951415975,399,0.9475589333294668,399,0.2183196067188425
400,0.9488163787587972,400,0.3902154423196418,400,0.9490273836760814,400,0.1964017015858069
401,0.946257197696737,401,0.4308801514281978,401,0.9464692718686262,401,0.3091295651338313
402,0.9507357645553424,402,0.458963793161489,402,0.9509741882982348,402,0.2506266180870487
403,0.9539347408829176,403,0.4392595030967639,403,0.953950480402847,403,0.3754758248290201
404,0.946896992962252,404,0.4442257934358025,404,0.9469260187260374,404,0.4359746506172752
405,0.946257197696737,405,0.4673330521274332,405,0.9462789341099624,405,0.2614913390466575
406,0.9302623160588612,406,0.487178766305796,406,0.930486720381152,406,0.1224747609164389
407,0.9481765834932822,407,0.4595073337649973,407,0.948346352731372,407,0.2239861697868951
408,0.945617402431222,408,0.5092705558540886,408,0.9458961827706154,408,0.2116965251164678
409,0.9488163787587972,409,0.525563571760065,409,0.948840597579148,409,0.160774649407259
410,0.945617402431222,410,0.5542421077565017,410,0.9456493921944978,410,0.17843454812223
411,0.9494561740243124,411,0.5472618104180934,411,0.9497424002332842,411,0.1603700239602881
412,0.9436980166346768,412,0.5017401188320237,412,0.9440179142674344,412,0.1624046775711957
413,0.9500959692898272,413,0.5030002555196956,413,0.9501214269823554,413,0.2272750775166338
414,0.9417786308381318,414,0.4751103450813435,414,0.9420241242405986,414,0.2369211479320104
415,0.9296225207933462,415,0.4335095433446506,415,0.9299424184261036,415,0.116282922547038
416,0.9424184261036468,416,0.4445855136941002,416,0.9427383237364044,416,0.2717366611857227
417,0.9302623160588612,417,0.4500277596760614,417,0.9305822136916186,417,0.1427028339679306
418,0.9424184261036468,418,0.4481475677636329,418,0.9427383237364044,418,0.220052776301667
419,0.944337811900192,419,0.4136451485841597,419,0.9446577095329496,419,0.2501886934227045
420,0.9577735124760076,420,0.4752209190640165,420,0.9579426798786518,420,0.3231012592766515
421,0.9545745361484324,421,0.4915537879336417,421,0.95489443378119,421,0.3736751082072322
422,0.9520153550863724,422,0.4724671796736374,422,0.95233525271913,422,0.2711073349301433
423,0.9436980166346768,423,0.4847691811787184,423,0.9439080118276012,423,0.2676449668102475
424,0.9539347408829176,424,0.5299079593761323,424,0.9542128153908758,424,0.274095365708959
425,0.9545745361484324,425,0.5384562352115231,425,0.95489443378119,425,0.1425535915099899
426,0.9526551503518874,426,0.4648726953982061,426,0.9529750479846448,426,0.1423904459722216
427,0.9577735124760076,427,0.3567459854032603,427,0.9580934101087653,427,0.1572570385942785
428,0.9430582213691618,428,0.3731734241482579,428,0.9433781190019194,428,0.1559745756689254
429,0.9507357645553424,429,0.3474479611142027,429,0.9510556621880998,429,0.2047882182827632
430,0.9532949456174024,430,0.4108702497557116,430,0.95361484325016,430,0.2742028461981939
431,0.9507357645553424,431,0.3245562483770731,431,0.9510556621880998,431,0.1564760564084156
432,0.9577735124760076,432,0.297655528787969,432,0.9580934101087653,432,0.1019444742572131
433,0.9513755598208572,433,0.3197693285534057,433,0.9516954574536148,433,0.1423165703267489
434,0.9564939219449776,434,0.3303856055522685,434,0.9568138195777351,434,0.135364970318471
435,0.9558541266794626,435,0.348290056747043,435,0.95617402431222,435,0.1445784576771892
436,0.9571337172104928,436,0.3630239048679214,436,0.9574536148432502,436,0.2293379874418048
437,0.944977607165707,437,0.4176799241948273,437,0.9452975047984644,437,0.2464472894331495
438,0.9500959692898272,438,0.3834695319554612,438,0.9504158669225848,438,0.1871561219661228
439,0.9532949456174024,439,0.4012534678607086,439,0.9533750553464851,439,0.2639051992762316
440,0.9488163787587972,440,0.3940729119949525,440,0.9490558507078184,440,0.2071612466183757
441,0.9584133077415228,441,0.4147711427042307,441,0.9587332053742802,441,0.3254911709319116
442,0.9584133077415228,442,0.4237710414370275,442,0.9584506083209464,442,0.2951636833925527
443,0.9577735124760076,443,0.4472184241658267,443,0.9580493185468516,443,0.3458344440758462
444,0.9584133077415228,444,0.4631709745402682,444,0.9587332053742802,444,0.3523054075129789
445,0.9577735124760076,445,0.4875224461310504,445,0.9580934101087653,445,0.4188087172346549
446,0.9584133077415228,446,0.4552527295106363,446,0.9586861958360168,446,0.4839438581851924
447,0.9558541266794626,447,0.409512079458978,447,0.9559395963455768,447,0.5291339516355515
448,0.9577735124760076,448,0.4605784648048692,448,0.9580096878645008,448,0.2261053388461741
449,0.9577735124760076,449,0.4078985998429503,449,0.95800997584775,449,0.3633279771873655
450,0.9584133077415228,450,0.461037574470558,450,0.9587332053742802,450,0.380896703955607
451,0.9577735124760076,451,0.4705836588126674,451,0.9578923759461452,451,0.3960673640397538
452,0.9564939219449776,452,0.4551577373081823,452,0.9566988404104158,452,0.2251210252752758
453,0.9571337172104928,453,0.4621752040081784,453,0.9574080462745118,453,0.2535750971166765
454,0.9539347408829176,454,0.5280913360911096,454,0.9541419302197764,454,0.2041624252205526
455,0.9552143314139476,455,0.555663803372359,455,0.955449138057968,455,0.1644858448537814
456,0.9584133077415228,456,0.5577185885473633,456,0.9587332053742802,456,0.1685902165672863
457,0.9558541266794626,457,0.4862395053941274,457,0.9561279368564718,457,0.2320085257131693
458,0.9558541266794626,458,0.4570098802667137,458,0.9561279368564718,458,0.4328836533635109
459,0.9571337172104928,459,0.5355608519908682,459,0.957279660418812,459,0.3451098043197313
460,0.9532949456174024,460,0.4604044949479836,460,0.95349262102818,460,0.3011201680741286
461,0.9577735124760076,461,0.4471218656115107,461,0.9580934101087653,461,0.2689679834556567
462,0.9577735124760076,462,0.4906355889563633,462,0.9579760681054312,462,0.2662502642439399
463,0.9552143314139476,463,0.5284659308945567,463,0.9554252853329804,463,0.1907623860925921
464,0.9577735124760076,464,0.4635693883266036,464,0.957902507120609,464,0.379526582971543
465,0.9571337172104928,465,0.3367279602555145,465,0.9571718081468256,465,0.6169790546332459
466,0.9564939219449776,466,0.3123229430983115,466,0.9567738611210912,466,0.4851473619313621
467,0.9577735124760076,467,0.3008488871423749,467,0.9579112205965428,467,0.4836095572178589
468,0.9584133077415228,468,0.3573522457154933,468,0.9584457102820232,468,0.5525475551711796
469,0.9577735124760076,469,0.3712760397991128,469,0.9579495945066177,469,0.4741851793172827
470,0.9577735124760076,470,0.3929957734596446,470,0.957949119585058,470,0.4740811444049114
471,0.9577735124760076,471,0.4121339181180304,471,0.9580460001241324,471,0.2965403953121311
472,0.9558541266794626,472,0.4722248987187633,472,0.9561275094602864,472,0.2855108386712448
473,0.9571337172104928,473,0.4917843054083786,473,0.9572871168632572,473,0.3010489881662247
474,0.9552143314139476,474,0.4616562946344503,474,0.9554227782595528,474,0.3597204018722031
475,0.9545745361484324,475,0.4684032508242348,475,0.95489443378119,475,0.2429980583913082
476,0.9513755598208572,476,0.3994892198209397,476,0.9516954574536148,476,0.1432049334553953
477,0.9481765834932822,477,0.3571581195166965,477,0.9484964811260396,477,0.1415838629669577
478,0.9520153550863724,478,0.4160650802584673,478,0.95233525271913,478,0.1427070797932724
479,0.9552143314139476,479,0.367955247328519,479,0.955534229046705,479,0.1900802557721843
480,0.9507357645553424,480,0.3736589802001846,480,0.95100953381489,480,0.1895369729289688
481,0.9552143314139476,481,0.39748346641135,481,0.9554933288789166,481,0.3323069084531577
482,0.9545745361484324,482,0.4039759012714292,482,0.95489443378119,482,0.2855692882214654
483,0.9564939219449776,483,0.400421931587878,483,0.9565629791241568,483,0.427692748250463
484,0.9564939219449776,484,0.4278117701359111,484,0.9565863157093216,484,0.3164532230072162
485,0.9571337172104928,485,0.4321134303212918,485,0.9573472823811108,485,0.2862947711804318
486,0.9526551503518874,486,0.4043137706379435,486,0.9528991560593052,486,0.2387888165990427
487,0.9520153550863724,487,0.3971935279919894,487,0.9522951422564244,487,0.2609298049996552
488,0.9532949456174024,488,0.3836562126594183,488,0.9534483871272385,488,0.3431385933565959
489,0.9552143314139476,489,0.3167931211581234,489,0.9552554288260476,489,0.4220211056671485
490,0.9552143314139476,490,0.2419939971075083,490,0.9552354031943634,490,0.3311462019214178
491,0.9526551503518874,491,0.259445596960135,491,0.9528058165379798,491,0.2838881998597706
492,0.9526551503518874,492,0.2881930227766104,492,0.9528589033333512,492,0.2668312818366157
493,0.9520153550863724,493,0.3006960352502794,493,0.9522546320132268,493,0.3111747191496489
494,0.9545745361484324,494,0.3086007616483194,494,0.9546019331115814,494,0.2848595565594705
495,0.9564939219449776,495,0.3493001040967969,495,0.9566491628331938,495,0.3973964681964985
496,0.9558541266794626,496,0.4088729124688813,496,0.95617402431222,496,0.3785252762562719
497,0.9552143314139476,497,0.4348609607747314,497,0.955534229046705,497,0.2379038068683273
498,0.9500959692898272,498,0.3906215336170717,498,0.9503325682557044,498,0.189851201222093
499,0.9526551503518874,499,0.4006698867757144,499,0.952895660883423,499,0.2822118686524026
