timesteps,learning_rate,entropy_loss,approx_kl,loss,policy_gradient_loss,clip_fraction,value_loss,explained_variance,std,n_updates,clip_range,ep_len_mean,ep_rew_mean
2000,0.0003,0,0,0,0,0,0,0,0,1,0.2,275.42857142857144,-46.61370010825019
4000,0.0003,-2.826394355893135,0.0071249143,0.31225329637527466,-0.006852073875664075,0.07144999934360385,1.1796903496980666,-0.00022900104522705078,0.99118971824646,10,0.2,243.3125,-36.54429033255647
6000,0.0003,-2.810315670967102,0.007729031,0.5033814311027527,-0.011811631897676485,0.11104999970644712,1.0613533748686315,0.33642899990081787,0.979131817817688,20,0.2,199.10344827586206,-27.741262267997392
8000,0.0003,-2.782367297410965,0.0079768365,1.2354364395141602,-0.009641069942720062,0.0947999995481223,1.9777024298906327,0.5385524034500122,0.9665176272392273,30,0.2,199.0,-26.21780657892724
10000,0.0003,-2.7554549664258956,0.007673961,0.6431581974029541,-0.009725549057280297,0.07709999951533973,2.8939943391084673,0.6663022041320801,0.9514732956886292,40,0.2,193.23529411764707,-24.704695440638893
12000,0.0003,-2.7164983308315276,0.008302379,1.296966791152954,-0.00901005032794437,0.07599999934434891,3.1229823848605154,0.6749986410140991,0.9308454990386963,50,0.2,172.40579710144928,-19.827547757135722
14000,0.0003,-2.6729764658212662,0.0070068957,2.398812770843506,-0.006752753796737807,0.06359999918378889,5.458412588834762,0.42732250690460205,0.9117132425308228,60,0.2,151.7826086956522,-15.608327470860138
16000,0.0003,-2.6330268025398254,0.0105658965,2.4493191242218018,-0.013585071331245126,0.12344999986700714,4.396708410978317,0.39022213220596313,0.8957919478416443,70,0.2,145.21818181818182,-12.577702840623955
18000,0.0003,-2.603561183214188,0.00916478,3.9503462314605713,-0.008825215416801537,0.09949999959208071,5.533430290222168,0.459739625453949,0.8831944465637207,80,0.2,141.76190476190476,-10.301759729328674
20000,0.0003,-2.5712827718257905,0.007804279,2.7088332176208496,-0.008343167127369272,0.0881999993417412,6.307768701314926,0.4955757260322571,0.8696167469024658,90,0.2,144.34057971014494,-9.018092337168934
22000,0.0003,-2.5542218387126923,0.007155175,3.7810897827148438,-0.006571377676405246,0.06319999933242798,8.332552941441536,0.6530448198318481,0.8644750714302063,100,0.2,139.4140127388535,-6.7056486529598684
24000,0.0003,-2.5272096556425097,0.009846689,4.306966304779053,-0.009988712104832667,0.09664999964646995,9.70750283241272,0.31891942024230957,0.8476726412773132,110,0.2,137.132183908046,-4.342064618102877
26000,0.0003,-2.4940507155656815,0.007933551,4.334583759307861,-0.0052709321594147695,0.06994999936781823,13.37704171538353,0.3622504472732544,0.8372480869293213,120,0.2,136.984126984127,-1.6071063657595661
28000,0.0003,-2.4759306037425994,0.0042769266,7.944737434387207,-0.0023053689153714006,0.023849999560043217,18.572435321807863,0.317688524723053,0.8331546783447266,130,0.2,141.54314720812184,1.7780325105041672
30000,0.0003,-2.449495166540146,0.008194607,10.53977108001709,-0.007477953680555585,0.06534999947063624,15.475591595172881,0.46230876445770264,0.8127914667129517,140,0.2,141.41509433962264,3.796231441220592
32000,0.0003,-2.410802206993103,0.0066912896,11.74325180053711,-0.004088413179932831,0.0489499993249774,28.574380493164064,0.3732137084007263,0.8028405904769897,150,0.2,142.89592760180994,5.920365754106954
34000,0.0003,-2.3968553310632705,0.004007227,18.86092185974121,-0.002684471826534356,0.04124999932944775,23.29513575077057,0.6503859758377075,0.8017557263374329,160,0.2,143.29237288135593,7.70270297302205
36000,0.0003,-2.380580233335495,0.006131531,12.926661491394043,-0.003975134075361892,0.04669999940320849,38.1655167722702,0.4853402376174927,0.7905900478363037,170,0.2,144.8951612903226,10.463869687133135
38000,0.0003,-2.356727809906006,0.0053716814,21.607797622680664,-0.004503968196834467,0.05229999935254455,41.09030107498169,0.5277520418167114,0.7827670574188232,180,0.2,147.04263565891472,13.389989986622219
40000,0.0003,-2.319684649705887,0.0063048303,29.493234634399414,-0.0074854179049123545,0.06519999938085676,44.24640295505524,0.30166757106781006,0.7618387341499329,190,0.2,147.364312267658,15.529014094731018
42000,0.0003,-2.2749975538253784,0.0066644885,15.845834732055664,-0.0037735068161796237,0.045849999394267794,49.68055925369263,0.3078147768974304,0.7506701946258545,200,0.2,149.23487544483984,19.1280409273014
44000,0.0003,-2.2454882353544234,0.0079266075,25.15492820739746,-0.005291629730514614,0.053899999372661114,54.20955126285553,0.33342403173446655,0.7392243146896362,210,0.2,152.62020905923345,22.370954608164393
46000,0.0003,-2.196859899163246,0.008263925,23.803142547607422,-0.003797432340235536,0.05109999941661954,26.510877727270127,0.23661130666732788,0.7109689712524414,220,0.2,155.52380952380952,25.54699979297174
48000,0.0003,-2.1288934457302093,0.011789958,16.841203689575195,-0.005659896792452854,0.07779999951831996,39.64490556001663,0.2680146098136902,0.6953572034835815,230,0.2,158.61666666666667,28.85083400964246
50000,0.0003,-2.0925513523817063,0.005325868,41.797080993652344,-0.006214883990553055,0.08844999952241778,46.18607722401619,0.26473701000213623,0.6862665414810181,240,0.2,158.58095238095237,31.851087601762057
52000,0.0003,-2.0628866881132124,0.002908626,35.84904479980469,-0.0011147641572921208,0.033549999576061966,107.47862906455994,0.1904469132423401,0.6755547523498535,250,0.2,161.9532710280374,35.43735104551864
54000,0.0003,-2.0263855040073393,0.009276179,34.30453872680664,-0.004502680721713479,0.08329999938607216,48.89957919597626,0.21076780557632446,0.6609413623809814,260,0.2,163.04229607250755,38.56723274015374
56000,0.0003,-1.985744706094265,0.0027357577,52.688323974609375,-0.0012549480260117885,0.020099999671801923,81.8732237815857,0.27198439836502075,0.6498942375183105,270,0.2,164.54117647058823,41.77626555552494
58000,0.0003,-1.9638128569722175,0.009007284,46.54069137573242,-0.0038512837273311186,0.06764999939128756,79.34760786056519,0.3505181074142456,0.6468074321746826,280,0.2,161.9804469273743,43.313703630497365
60000,0.0003,-1.9513755708932876,0.004561645,89.75798034667969,-2.9333299977887252e-05,0.022699999613687395,185.18997725486756,-0.006645321846008301,0.6418392658233643,290,0.2,162.74590163934425,45.528481332067784
62000,0.0003,-1.9314086937904358,0.005728015,35.15086364746094,-0.0015702405882042515,0.07489999955520034,78.34694311141968,0.16856640577316284,0.636576771736145,300,0.2,163.01052631578946,47.952188710924105
64000,0.0003,-1.9210920807719232,0.00806616,62.91900634765625,-0.0043508167235529974,0.0706499993801117,158.00568252563477,0.24581575393676758,0.6353021860122681,310,0.2,161.47088607594938,48.779857238026885
66000,0.0003,-1.9158726420998573,0.0048301546,104.66339111328125,-0.00033788509337391305,0.04214999946765602,145.35612906455992,0.28683483600616455,0.6348087787628174,320,0.2,162.04914004914005,51.33752289270097
68000,0.0003,-1.9013067650794984,0.004570915,43.697200775146484,-0.0005175574459640764,0.0373999994341284,117.93638601303101,0.2768217921257019,0.625198483467102,330,0.2,162.45933014354068,53.51168663556393
70000,0.0003,-1.8794058698415756,0.010762934,50.04205322265625,-0.0011497008642134476,0.08039999942295253,124.89647240638733,0.1423029899597168,0.6208266019821167,340,0.2,162.97668997668998,55.07828529653911
72000,0.0003,-1.8727706891298295,0.006874445,41.62080001831055,-0.0019344396739555813,0.07054999926127493,120.2441462802887,0.2207203507423401,0.6226794719696045,350,0.2,164.23972602739727,57.36818157178013
74000,0.0003,-1.8595097988843918,0.007809884,36.40924835205078,-0.004814546747804887,0.08654999949969351,92.67197765350342,0.3113296627998352,0.6145687699317932,360,0.2,163.48893805309734,58.871383371850875
76000,0.0003,-1.8347850733995437,0.0028778433,60.59353256225586,-0.0029734270572953393,0.06014999962411821,162.47337184906007,0.10194164514541626,0.6074484586715698,370,0.2,164.80174291938997,61.16115345009527
78000,0.0003,-1.8094404128193855,0.006066479,39.602787017822266,-0.002213641493926657,0.07979999966919422,80.82009439706802,0.12819898128509521,0.5996026992797852,380,0.2,165.36942675159236,63.38066977867229
80000,0.0003,-1.7778729778528213,0.0042028846,58.408111572265625,-0.001972351668458009,0.05439999948255718,152.85899234771728,0.15676671266555786,0.5914682149887085,390,0.2,165.81875,65.1988504189891
82000,0.0003,-1.7571143519878387,0.006812478,75.35489654541016,-0.002387542648900851,0.07639999955892562,126.25562320709228,0.08679008483886719,0.5905742645263672,400,0.2,164.5582329317269,66.6058305283162
84000,0.0003,-1.7537905073165894,0.0058205603,118.95999908447266,-0.0020403406890196507,0.05084999940358102,240.98150674819945,0.11407577991485596,0.5894884467124939,410,0.2,163.6751467710372,67.44992740713047
86000,0.0003,-1.7404929983615876,0.0063770814,42.79827117919922,-0.0026640074384638866,0.053599999528378246,174.7981883716583,0.16077834367752075,0.5834848284721375,420,0.2,165.75096525096524,70.57159310602664
88000,0.0003,-1.7091461643576622,0.008131356,40.994468688964844,-0.0011369096205537054,0.0739499996509403,62.691443502902985,0.08611589670181274,0.5675593614578247,430,0.2,165.3815789473684,72.33623018993949
90000,0.0003,-1.6665169510245323,0.005219958,94.39344024658203,-0.001886603808946985,0.04334999942220748,197.18906393051148,0.09026432037353516,0.5646454095840454,440,0.2,165.98339483394835,74.42174884171573
92000,0.0003,-1.6609078243374824,0.0031172128,67.40890502929688,-0.0008697567890663782,0.05799999955110252,132.0733193540573,0.2721949815750122,0.5638294219970703,450,0.2,164.1642857142857,74.88961990378588
94000,0.0003,-1.6666651266813277,0.0061822617,150.85267639160156,-4.6214482693176514e-05,0.03279999955557287,283.8409842300415,0.032770633697509766,0.5685770511627197,460,0.2,165.15140845070422,76.89364980578324
96000,0.0003,-1.673381108045578,0.0070030717,56.540809631347656,0.00011286602507307286,0.05094999962486327,104.25129899024964,0.16416484117507935,0.5668766498565674,470,0.2,166.2017391304348,78.94732498871785
98000,0.0003,-1.6587609612941743,0.0046986872,13.507545471191406,-0.00046118404315475425,0.027749999528750777,95.83869940280914,0.3199681043624878,0.5608388185501099,480,0.2,166.77435897435896,80.80918897082395
100000,0.0003,-1.6358712881803512,0.007197981,80.11833190917969,-0.0012821910828146432,0.06794999958947301,178.70920248031615,0.12412399053573608,0.5559250712394714,490,0.2,168.19360269360268,83.55738672905895
102000,0.0003,-1.6254455184936523,0.007510639,57.532772064208984,-0.001699211165779344,0.06229999945499003,125.98563479661942,0.21565258502960205,0.556036114692688,500,0.2,169.26622296173045,85.60503146801933
104000,0.0003,-1.5987887114286423,0.005170574,17.21090316772461,-0.0013929403371661486,0.069549999544397,127.51920284509659,0.1302669644355774,0.5433098673820496,510,0.2,169.0878048780488,87.40109533051869
106000,0.0003,-1.5609433826804162,0.011119286,231.10394287109375,0.00013392988887207967,0.06594999939203262,289.4228125286102,0.09235554933547974,0.5364406108856201,520,0.2,169.3568,89.15338439031581
108000,0.0003,-1.520643881857395,0.0039045543,101.4422378540039,0.0004107274721100129,0.04764999959617853,227.84859544754028,0.05869579315185547,0.5253740549087524,530,0.2,169.37165354330708,90.5045637103023
110000,0.0003,-1.4836340162158013,0.007413392,131.47911071777344,-0.0014655909688284742,0.08209999931044877,235.36206699371337,0.056301236152648926,0.5185861587524414,540,0.2,170.45116279069768,93.17438227587436
112000,0.0003,-1.454432207942009,0.0021179176,94.07958984375,0.0018400261900640546,0.04754999971948564,207.371389131546,0.07566618919372559,0.5116692781448364,550,0.2,169.5772727272727,93.8450015984298
114000,0.0003,-1.4359496772289275,0.009551162,245.83682250976562,-0.0001704398841415239,0.045249999538064,346.6535733413696,0.12022620439529419,0.5090328454971313,560,0.2,169.85671641791043,95.67591248556228
116000,0.0003,-1.429372426867485,0.008551581,32.21529006958008,-0.0005076728554785425,0.0679999995790422,208.37908618927003,0.13729935884475708,0.5084580183029175,570,0.2,169.90615835777126,97.2137728144557
118000,0.0003,-1.4175026935338975,0.0020056597,73.54804229736328,0.0006884873566875283,0.028199999509379268,284.7746450328827,0.15525341033935547,0.5035158395767212,580,0.2,169.96829971181558,98.54755838215368
120000,0.0003,-1.3978305435180665,0.002799382,136.0357666015625,-0.0007579855173378736,0.03904999941587448,277.98178924560546,0.18263471126556396,0.499051958322525,590,0.2,170.421875,100.25758259527579
122000,0.0003,-1.3890841361880302,0.008395212,71.27921295166016,0.0005245125960556862,0.03699999957345426,210.27626319885255,0.2710902690887451,0.49862900376319885,600,0.2,169.81284916201116,100.76922864430696
124000,0.0003,-1.383099792599678,0.0069841975,117.73178100585938,-0.003247773387280901,0.07959999984130263,302.0400791549683,0.24254173040390015,0.49498480558395386,610,0.2,170.55295735900964,102.6907695785478
126000,0.0003,-1.3676294326782226,0.0074916244,109.88231658935547,-0.003600593615227261,0.0687999992724508,276.93033866882325,0.2626190781593323,0.49376359581947327,620,0.2,171.1046195652174,104.36680044645259
128000,0.0003,-1.36156767308712,0.0074769757,171.74612426757812,-0.00033042923134489753,0.06069999939762056,204.79082037448882,0.22250550985336304,0.4951140284538269,630,0.2,171.79166666666666,106.15506788001217
130000,0.0003,-1.342674549818039,0.0052506803,90.02682495117188,-0.00026453298722917574,0.08274999962188304,186.77033231735228,0.1738206148147583,0.4864102005958557,640,0.2,172.4281914893617,107.89060695481834
132000,0.0003,-1.3004461601376534,0.010888714,107.55007934570312,-0.002277137679881802,0.10699999936856329,193.88874831676483,0.13296765089035034,0.47695326805114746,650,0.2,173.35085413929042,110.28678115253945
134000,0.0003,-1.2768221417069434,0.0144198835,70.71916198730469,-0.00034335275058019923,0.08449999989941716,201.4584674835205,0.02535533905029297,0.4750020205974579,660,0.2,171.4852752880922,110.05336539046455
136000,0.0003,-1.2647931623458861,0.0042123348,316.0584716796875,-0.0011622266635491528,0.07029999929480255,578.3804472732544,-0.05216085910797119,0.4726366400718689,670,0.2,172.06970849176173,111.81984579305826
138000,0.0003,-1.2478774535655974,0.0050163525,45.820716857910156,-0.0012433689005565628,0.08739999974146485,176.80778409957887,0.07048022747039795,0.47037363052368164,680,0.2,171.84039900249377,113.2416503325168
140000,0.0003,-1.2382311144471168,0.004523277,147.8744659423828,0.0014330236378762428,0.06169999962672591,349.7828529548645,0.018761754035949707,0.4665313959121704,690,0.2,172.13653136531366,114.89086784674689
142000,0.0003,-1.2189985826611518,0.004225743,189.96224975585938,-0.00245161904980332,0.0676999997254461,287.07965165138245,0.1803310513496399,0.462644100189209,700,0.2,171.56969696969696,115.32741893208743
144000,0.0003,-1.1981190624833107,0.0064601945,170.2303924560547,-0.0013096491216358075,0.05029999943450093,348.00723691940306,0.15371257066726685,0.4583887457847595,710,0.2,172.00238948626045,117.51364681031869
146000,0.0003,-1.1854454529285432,0.0028271792,231.12539672851562,-0.00017411288518742296,0.03904999953694641,311.0496380519867,0.20731449127197266,0.45734816789627075,720,0.2,171.4687868080094,117.89483729085734
148000,0.0003,-1.172994061410427,0.0057302886,262.7333679199219,-0.001518708040951946,0.07394999930635095,388.2439525604248,0.22759413719177246,0.4549219608306885,730,0.2,172.57476635514018,120.37401185144327
150000,0.0003,-1.1450791445374489,0.008532815,22.087270736694336,0.0029408895100961675,0.06719999949447811,116.40949285268783,0.3584466576576233,0.4467000365257263,740,0.2,172.5765247410817,121.72059543874248
152000,0.0003,-1.1213611432909965,0.003857705,166.14454650878906,-0.0007560547248867788,0.06719999960623682,420.87323043823244,0.14858746528625488,0.4481041431427002,750,0.2,173.1002277904328,123.46648742480363
154000,0.0003,-1.1144321769475938,0.0068403715,280.46466064453125,-0.001661058338361805,0.0986499992851168,275.59024216651915,0.21160829067230225,0.4442586600780487,760,0.2,173.2765237020316,124.42695584469273
156000,0.0003,-1.0902657267451286,0.003090705,84.78231048583984,9.38025307594259e-05,0.03324999950826168,288.77539019584657,0.2513273358345032,0.4387936592102051,770,0.2,173.95302013422818,126.39209403503502
158000,0.0003,-1.054979221522808,0.005994562,82.96434783935547,-0.001043921133659662,0.08754999962635339,255.01728585243225,0.09003406763076782,0.429193913936615,780,0.2,174.378587196468,128.5332058361997
160000,0.0003,-1.02407290071249,0.007101013,112.43061828613281,-9.72094478493446e-06,0.05949999963864684,392.6812660217285,0.14205700159072876,0.42602503299713135,790,0.2,174.6353711790393,129.77842612570188
162000,0.0003,-1.019641400873661,0.007090679,190.0948486328125,-0.0021420947166952684,0.07549999947659672,349.7221492958069,0.33103710412979126,0.42821893095970154,800,0.2,174.87337662337663,130.9426391117294
164000,0.0003,-1.02738211363554,0.0074632987,89.7906265258789,0.0005857760057755534,0.10924999934621155,354.3122528839111,0.19753235578536987,0.4296145439147949,810,0.2,174.4255319148936,131.04646404184837
166000,0.0003,-1.0253086602687835,0.007171192,326.61517333984375,-0.0013020023596272967,0.07249999946914613,596.37641872406,0.38765227794647217,0.4270009994506836,820,0.2,174.88713080168776,132.59516350363327
168000,0.0003,-1.0023190231621266,0.006066362,29.14951515197754,-0.0014199946843691435,0.08014999969862402,228.15824363231658,0.12666183710098267,0.41971060633659363,830,0.2,176.25735294117646,135.31283635361743
170000,0.0003,-0.9377254290878773,0.021963527,4.808832168579102,-0.010218277040481914,0.12299999981187285,27.327387293577193,0.20071202516555786,0.4036880433559418,840,0.2,176.3790238836968,137.06594068374608
172000,0.0003,-0.854074996560812,0.004271677,110.60999298095703,0.000432932379197748,0.07734999965876341,436.6339980506897,0.023345768451690674,0.40320420265197754,850,0.2,175.5,137.67214312796355
174000,0.0003,-0.8512755510210991,0.004544911,247.4612274169922,-0.0038069960310018304,0.05679999935440719,711.3623334121704,0.14452731609344482,0.40273600816726685,860,0.2,173.886,137.26187612844092
176000,0.0003,-0.8444573479890823,0.005786705,236.96310424804688,-0.0002634248249090909,0.02724999973550439,756.7979261779785,-0.005588889122009277,0.39952799677848816,870,0.2,174.24479682854312,138.92670073231477
178000,0.0003,-0.8316860462725163,0.006286814,59.696754455566406,0.0004722788848784987,0.05179999935440719,275.22967641830445,0.02601391077041626,0.3988265097141266,880,0.2,174.2615083251714,140.00909657945908
180000,0.0003,-0.8308229784667492,0.00552718,255.82473754882812,-0.0019378560797529642,0.06364999937824906,446.56398252487185,0.05480140447616577,0.40117043256759644,890,0.2,175.0068159688413,141.95743998986353
182000,0.0003,-0.8213123524188995,0.0051145954,18.23061752319336,8.010627523667768e-05,0.0518999997805804,178.23219997882842,0.1655963659286499,0.39960795640945435,900,0.2,174.542226487524,142.72402700847772
184000,0.0003,-0.8081626430153847,0.005537531,120.97418212890625,-0.0011800007661973667,0.07569999947212637,687.9650870132447,0.0699005126953125,0.4004558324813843,910,0.2,172.08325537885875,141.32442268868442
186000,0.0003,-0.8095889273285866,0.0076825633,431.3413391113281,-0.0011506370350607043,0.04374999956227839,786.1189685821533,-0.07826542854309082,0.40084871649742126,920,0.2,171.3437788018433,141.76262516489442
188000,0.0003,-0.8110373076796532,0.004544474,223.3544921875,-7.148134960342389e-05,0.07089999950490893,429.24303646087645,-0.006323337554931641,0.39951902627944946,930,0.2,172.28689275893674,144.16079366430046
190000,0.0003,-0.8108470213413238,0.019722652,110.66316986083984,0.0004497240532202085,0.1474999996740371,176.4137118959427,0.029159188270568848,0.40394651889801025,940,0.2,170.73627362736275,143.67443662833833
192000,0.0003,-0.807813956439495,0.0040184474,297.1595764160156,0.00032833897898017385,0.046799999484792354,705.3788120269776,0.04632711410522461,0.40042874217033386,950,0.2,170.18544809228038,144.32813723665933
194000,0.0003,-0.7921459704637528,0.0060661673,232.41864013671875,0.00016563273030114622,0.0615499993879348,494.90383396148684,0.15697264671325684,0.3987169563770294,960,0.2,169.7320490367776,145.13078479575054
196000,0.0003,-0.7805289360880852,0.008826582,187.18966674804688,0.0007766680504282509,0.08799999989569188,526.6623394393921,0.07823562622070312,0.3990723192691803,970,0.2,169.77710320901994,146.33316443157338
198000,0.0003,-0.7692951194941997,0.004951481,85.49475860595703,0.0013626620671311684,0.07369999945163727,383.1801474761963,0.16079288721084595,0.39373892545700073,980,0.2,169.38046272493574,146.99919591412117
200000,0.0003,-0.7572893284261226,0.0057233213,213.2179412841797,-0.0010740389120179295,0.07979999928735197,601.9230125045776,0.0718306303024292,0.39318108558654785,990,0.2,169.28619813717188,148.27012825720823
202000,0.0003,-0.7643739202618599,0.006824048,247.76016235351562,0.00171540025157082,0.11459999985992908,482.6227547073364,0.06922805309295654,0.3982657194137573,1000,0.2,169.487825356843,149.62856899680736
204000,0.0003,-0.7794096545875072,0.008906585,129.89328002929688,-0.001183590763214859,0.10869999943301081,354.67124464988706,0.14273196458816528,0.40225541591644287,1010,0.2,169.1144278606965,150.3934908480692
206000,0.0003,-0.7725357528030873,0.0042421417,325.5263366699219,0.0001002518532439356,0.07694999946281314,646.8435622787475,0.09564846754074097,0.3994646370410919,1020,0.2,168.97945768282662,151.15489720472036
208000,0.0003,-0.7586570665240288,0.011192711,203.89535522460938,0.0012405140182316287,0.09679999972693622,466.82027828216553,0.14339494705200195,0.39515599608421326,1030,0.2,169.29910350448247,152.59889879878506
210000,0.0003,-0.7502203723788261,0.0047489055,106.36225891113281,-0.0011159099519478333,0.07619999938644469,338.7596780586243,0.3984501361846924,0.3971002995967865,1040,0.2,170.12155591572125,154.4159742304355
212000,0.0003,-0.753750491142273,0.0055410042,26.617033004760742,-0.0013758056050821388,0.05989999937824905,224.1072981739044,0.456731379032135,0.4006284475326538,1050,0.2,169.1182108626198,154.27147765394693
214000,0.0003,-0.7549017681181431,0.0032075264,465.56732177734375,0.0020906534169509426,0.06019999945536256,993.613276977539,0.06728619337081909,0.40085119009017944,1060,0.2,168.6096214511041,154.53401757231924
216000,0.0003,-0.747887099981308,0.0052813184,217.36083984375,-0.0027074419331989752,0.07744999915361404,739.6826123428344,0.08761191368103027,0.39727291464805603,1070,0.2,167.5686578743212,154.4543820957339
218000,0.0003,-0.7314908070862294,0.005871056,432.8862609863281,-0.0020233334784190405,0.07994999960064889,801.9310893249511,0.12781673669815063,0.39396560192108154,1080,0.2,167.0590490797546,154.91704582751038
220000,0.0003,-0.72986033603549,0.005303859,138.2744903564453,0.002751798608277749,0.0983499994315207,593.2577149200439,0.00046819448471069336,0.3979737162590027,1090,0.2,165.51918735891647,154.04315723296025
222000,0.0003,-0.728224862664938,0.0027264738,382.81121826171875,0.000342890948975132,0.049849999602884054,751.7687014007569,-0.013017654418945312,0.39066311717033386,1100,0.2,165.34500745156484,154.6623043709124
224000,0.0003,-0.7097412855923175,0.006319651,187.93490600585938,0.0023982283274621265,0.08774999924004077,391.6637531661987,0.03998374938964844,0.38898158073425293,1110,0.2,165.64792899408283,156.04562816951426
226000,0.0003,-0.7040253247320652,0.0072996346,158.8063201904297,0.0008013422899097345,0.0957499993685633,329.65148664474486,0.11895626783370972,0.38941365480422974,1120,0.2,165.77622890682318,157.13208767673973
228000,0.0003,-0.7083328720927239,0.0061763213,291.60205078125,-0.0007732632416025798,0.09429999947547912,382.6248126983643,0.19701379537582397,0.39391958713531494,1130,0.2,165.51054545454545,157.44539531753378
230000,0.0003,-0.7125197453796863,0.01855928,238.06787109375,0.000989924368617352,0.09629999936558306,557.6045253753662,0.13123059272766113,0.39021065831184387,1140,0.2,165.22645578720346,158.0958404089236
232000,0.0003,-0.7029914660751819,0.009039557,367.11175537109375,0.0012697989407268323,0.06549999948590994,647.2959989547729,0.12337160110473633,0.3856775760650635,1150,0.2,165.38944365192583,159.11584516332272
234000,0.0003,-0.6937230388820171,0.009177016,201.50592041015625,-6.607334476111504e-05,0.06869999942369759,434.3376264381409,0.22743409872055054,0.3854745924472809,1160,0.2,165.73068745570518,160.5077068323974
236000,0.0003,-0.6805411393940449,0.011131391,213.49945068359375,-0.00034069943274953827,0.19325000018812716,405.78526123046873,0.062408387660980225,0.3820050358772278,1170,0.2,165.45652173913044,161.04139616931573
238000,0.0003,-0.6625154674053192,0.0053384504,584.0885009765625,-0.0006244422869385735,0.058949999418109654,706.9514828109741,0.1114875078201294,0.37958139181137085,1180,0.2,165.58455114822547,162.07428398092878
240000,0.0003,-0.6486824825406075,0.0038631358,107.07856750488281,0.0020049797539013524,0.08059999962337315,447.5128607749939,0.09078091382980347,0.37775683403015137,1190,0.2,164.87955953200276,161.9965778015906
242000,0.0003,-0.6360690273344517,0.006469992,356.4271545410156,0.0016916862170399316,0.10279999970458448,811.1871504974365,-0.0013036727905273438,0.3777574896812439,1200,0.2,164.565306122449,162.58650755527106
244000,0.0003,-0.6412302444875241,0.0055586146,298.0699768066406,0.0005350006449196387,0.07019999952986837,678.762865562439,0.13648593425750732,0.37898558378219604,1210,0.2,163.83747481531228,162.47681336443466
246000,0.0003,-0.6377105593681336,0.004558412,293.16534423828125,0.0007090313508822854,0.0451999993994832,820.2572325897216,0.13617181777954102,0.3772508502006531,1220,0.2,162.56113681427627,161.69830037744347
248000,0.0003,-0.6294667835533619,0.008859942,375.86944580078125,0.0002577365606182869,0.069099999666214,784.0053246307373,-0.018218159675598145,0.3728671371936798,1230,0.2,162.63994743758212,162.42940423716968
250000,0.0003,-0.6216159661114216,0.022113934,99.55363464355469,0.0014591959196453884,0.06544999964535236,307.99913594245913,0.0029720067977905273,0.3735857605934143,1240,0.2,162.41780376868095,163.11066587255868
252000,0.0003,-0.6165139943361282,0.014522716,390.5392150878906,-0.001164938511509206,0.0868499996419996,606.7286767578125,0.0753164291381836,0.3708588480949402,1250,0.2,160.8155711550734,161.78891829471266
254000,0.0003,-0.6024474282562733,0.0063284985,319.0404968261719,0.0013336837073649787,0.06520000002346933,811.3296213531494,-0.044312238693237305,0.3679051399230957,1260,0.2,160.75632911392404,162.37211708943553
256000,0.0003,-0.5894383895397186,0.0128540965,300.7290344238281,2.618462256414489e-05,0.11394999970681965,343.02319910049437,0.041699349880218506,0.3679763078689575,1270,0.2,159.48847352024922,161.26839166997254
258000,0.0003,-0.5833663895726204,0.008133004,256.43194580078125,-0.0010925472447503126,0.07579999949783087,673.8690294647217,0.1372976303100586,0.36794665455818176,1280,0.2,158.98951911220715,161.19440646083112
260000,0.0003,-0.5803064452111721,0.004685289,359.3492431640625,-0.0027688193125002727,0.10824999983422458,480.4793430709839,0.09261590242385864,0.36965206265449524,1290,0.2,159.22072348252607,162.14222707009782
262000,0.0003,-0.5733009172976017,0.0050400463,77.75128936767578,0.001522074086797538,0.08889999931678176,232.0682518529892,0.2918975353240967,0.3644532859325409,1300,0.2,159.6398537477148,163.46600885368645
264000,0.0003,-0.5556998120248318,0.0111384,76.15931701660156,-0.0003408033347741357,0.09339999980293215,358.5649280357361,0.2322922945022583,0.3629492521286011,1310,0.2,159.07956600361663,163.3789452653773
266000,0.0003,-0.5512005271017552,0.0032832846,295.9921875,0.001165448026284004,0.04064999951049685,749.6126583862305,0.10343784093856812,0.36458197236061096,1320,0.2,159.22634730538923,164.09970485136378
268000,0.0003,-0.5507503192126751,0.0089764595,86.406494140625,0.0014119271878873362,0.09709999945946038,453.80948890686034,0.21651983261108398,0.3665040135383606,1330,0.2,158.83995257854178,164.13689301768784
270000,0.0003,-0.540183412283659,0.0058030942,302.1925964355469,-0.003232023361066512,0.0798999993223697,747.0403078460694,0.19276314973831177,0.3648461699485779,1340,0.2,158.33958944281525,164.21237959482337
272000,0.0003,-0.5360457740724087,0.0089193685,417.8985595703125,0.0010039378358102113,0.08884999969042838,737.9727516174316,0.06268811225891113,0.3674960434436798,1350,0.2,158.6826137689615,165.40954311184404
274000,0.0003,-0.5245198035240173,0.018039089,52.305450439453125,0.002002495247458862,0.14125000024214387,288.0439886760712,0.15936022996902466,0.3625304102897644,1360,0.2,158.36495083863505,165.6292735365811
276000,0.0003,-0.4999914288520813,0.0144621255,203.6613006591797,0.0001772999306402223,0.09044999956153334,639.3369999694825,0.20867663621902466,0.3597218692302704,1370,0.2,158.34423407917384,166.4573563871684
278000,0.0003,-0.49012652173638344,0.012146421,264.7888488769531,0.0022459192746660415,0.07999999943189323,692.0026969146728,0.0836942195892334,0.3603997230529785,1380,0.2,157.05197740112993,165.4524013194564
280000,0.0003,-0.4948116058111191,0.00577909,329.5164489746094,-0.001482909568693227,0.07179999941028654,979.9341820526123,-0.12945473194122314,0.3599857687950134,1390,0.2,155.8052309404563,164.39288828206813
282000,0.0003,-0.5008084743469954,0.0072590495,260.2205505371094,-0.0016196134694741904,0.07009999938309193,670.9011084747315,0.06258666515350342,0.3617073893547058,1400,0.2,154.92032967032966,163.63896791095254
284000,0.0003,-0.5063080458343029,0.018932259,239.9019317626953,-0.002263344372922802,0.09864999941550195,523.732193031311,-0.004281878471374512,0.3652194142341614,1410,0.2,153.98590021691973,163.16459127889365
286000,0.0003,-0.5009274610131979,0.0044503734,235.73880004882812,-0.0005398107683946307,0.06194999939762056,552.2789501953125,0.06273120641708374,0.3629879355430603,1420,0.2,153.5767991407089,163.20354672497984
288000,0.0003,-0.5056323783099651,0.004445757,287.3172912597656,0.0007539365702279533,0.08904999952763319,459.83538246154785,0.1901041865348816,0.36843156814575195,1430,0.2,152.99628055260362,163.03874053340857
290000,0.0003,-0.5111534267663955,0.0057433182,266.5682373046875,0.0009972406689637836,0.07874999942258,587.9188707351684,0.10414999723434448,0.363899827003479,1440,0.2,152.37052631578948,162.6224605007319
292000,0.0003,-0.5046094162762165,0.010139445,198.69911193847656,0.0003550130551098807,0.07804999938234687,530.257353477478,0.1486830711364746,0.3653639554977417,1450,0.2,151.9229968782518,162.2898799747105
294000,0.0003,-0.5081917445361614,0.003810992,124.66270446777344,0.0009060638152444889,0.05619999945163727,484.96151145935056,0.2313089370727539,0.363631933927536,1460,0.2,151.58329035585353,162.36333734353698
296000,0.0003,-0.5120277155935764,0.006849982,244.13351440429688,-0.0034660271637347506,0.10759999954141676,476.53620208740233,0.12348449230194092,0.3611968159675598,1470,0.2,150.83995922528032,161.9816595345916
298000,0.0003,-0.5068542823195458,0.0052295635,339.7115173339844,0.0008612775801506345,0.07999999977648259,606.2315644836426,0.045900046825408936,0.3599063754081726,1480,0.2,150.8211752786221,162.5406023102261
300000,0.0003,-0.4812728153169155,0.011333531,88.70538330078125,0.0005239501970755977,0.08799999945797027,349.594563369751,0.05655074119567871,0.3544125556945801,1490,0.2,151.0428427419355,163.3685245306768
302000,0.0003,-0.4621731003373861,0.00837866,57.8926887512207,0.0003091875503170738,0.11614999959245324,311.0970267677307,0.2144150733947754,0.3538622260093689,1500,0.2,150.5211970074813,163.20414388571433
304000,0.0003,-0.45866114504635336,0.0055952603,352.27105712890625,-0.00034583830371993864,0.0761999994236976,792.2965132904053,0.19099056720733643,0.3550601899623871,1510,0.2,149.70837438423646,162.44772807574302
306000,0.0003,-0.4590436918288469,0.007350256,454.30621337890625,-0.0024470441619174384,0.07399999925866724,712.6721025848389,0.2507111430168152,0.35545486211776733,1520,0.2,149.40097799511003,162.45027351088612
308000,0.0003,-0.45673317834734917,0.0066881552,174.60520935058594,0.0008360774864945597,0.0931499994173646,479.12048091888425,0.09755086898803711,0.35451552271842957,1530,0.2,149.02518159806294,162.48527972026824
310000,0.0003,-0.4625997845083475,0.011921257,156.69908142089844,3.121431323396706e-05,0.06624999942258,612.115664024353,0.18069332838058472,0.35543200373649597,1540,0.2,148.88317307692307,162.7921222590174
312000,0.0003,-0.45755965650081637,0.0032160052,300.2915954589844,0.0019058085388580358,0.06949999972246587,508.80592205047606,0.25741440057754517,0.3500487506389618,1550,0.2,148.4257142857143,162.55433762247816
314000,0.0003,-0.4585726548731327,0.00858083,332.6889343261719,-0.0015660147111046174,0.08814999943599106,685.8048749923706,0.19067716598510742,0.35267749428749084,1560,0.2,148.16328456819255,162.87252491564496
316000,0.0003,-0.47069107472896576,0.0051606884,245.24147033691406,0.0024640641996065814,0.0599499994982034,591.4951633453369,0.08708411455154419,0.354552298784256,1570,0.2,147.7054698457223,162.81848286465433
318000,0.0003,-0.4741602595895529,0.007572097,329.6351013183594,0.0014514610603945498,0.09894999944604933,694.4204084014892,0.03251826763153076,0.3550015091896057,1580,0.2,147.09907407407408,162.3911361512164
320000,0.0003,-0.4611121195554733,0.014534605,150.54995727539062,-0.0008042174329551698,0.13604999936185777,670.543755607605,0.06274420022964478,0.35179761052131653,1590,0.2,147.11919005982512,162.8745274982495
322000,0.0003,-0.4342656575888395,0.006362135,191.19625854492188,0.0011853842626362266,0.1557999999728054,449.9940396118164,0.07161623239517212,0.3457663357257843,1600,0.2,147.08874656907594,163.1337606540092
324000,0.0003,-0.4196223323792219,0.013320657,361.8769836425781,-0.001539705623751797,0.1279499995801598,452.1567683029175,0.2912084460258484,0.34868937730789185,1610,0.2,147.05719473445302,163.61378988807945
326000,0.0003,-0.41181430980563166,0.008788062,446.5501708984375,0.0016422188939233884,0.08609999963082374,637.5930682373047,0.11420702934265137,0.347154438495636,1620,0.2,147.2357723577236,164.31180345488966
328000,0.0003,-0.3930768418312073,0.008664282,129.82907104492188,0.0039014278985660057,0.16484999989159405,405.2440606117249,0.17854952812194824,0.3473418951034546,1630,0.2,147.45008992805757,165.0178718895712
330000,0.0003,-0.38039038591086866,0.0043681595,135.66494750976562,0.002924540177691952,0.12204999971203506,409.12441771507264,0.251691997051239,0.3441086709499359,1640,0.2,147.50022371364653,165.3901093136731
332000,0.0003,-0.37260411560535434,0.009553795,123.37664794921875,-0.0018040529944055982,0.09724999953061342,482.2242670059204,0.40240758657455444,0.3426728844642639,1650,0.2,146.96325807879592,165.1434742934398
334000,0.0003,-0.37351958103477956,0.004171391,580.6275634765625,0.001039124272229297,0.03994999958202243,1066.8990893554687,0.022531986236572266,0.3421545922756195,1660,0.2,146.48880105401844,164.89305153129345
336000,0.0003,-0.3728301467001438,0.0050588762,247.90374755859375,0.0015551239513180092,0.08349999956786633,782.4281533813477,0.0160483717918396,0.3440532088279724,1670,0.2,146.94706911636047,166.18354298537756
338000,0.0003,-0.3718209644407034,0.017024979,47.39002990722656,0.002909510877933137,0.07894999928772449,325.6231099319458,0.1892574429512024,0.34440070390701294,1680,0.2,147.21194941125162,166.99194983393818
340000,0.0003,-0.37817156441509725,0.012611154,174.55271911621094,2.916975539556166e-05,0.15004999921657144,339.83634340286255,0.04739111661911011,0.3451352119445801,1690,0.2,146.66436583261432,166.73769387270443
342000,0.0003,-0.3762349497526884,0.0070794523,601.256103515625,9.776961039388076e-05,0.0325499995239079,1108.2092672729493,0.04043465852737427,0.3450044095516205,1700,0.2,145.96670934699102,166.15955227873164
344000,0.0003,-0.37500459857285023,0.006787844,298.673583984375,0.0008186077646932977,0.06899999966844916,873.7064525604249,0.01632833480834961,0.34438011050224304,1710,0.2,145.38926458157226,165.77996575885442
346000,0.0003,-0.3702872810512781,0.0066574975,350.7878723144531,0.0018929278369435032,0.0696499993558973,702.1378763580323,0.015632808208465576,0.34294137358665466,1720,0.2,145.1251049538203,165.74355774121878
348000,0.0003,-0.364304908439517,0.007410751,369.51324462890625,0.0005208050823868682,0.07769999972544611,517.8786818313598,0.0978042483329773,0.3420200049877167,1730,0.2,145.05794080867028,166.22041131960333
350000,0.0003,-0.3392591509222984,0.0084086945,344.42926025390625,-0.000341212896130294,0.11649999914690852,582.6626207733154,0.040401458740234375,0.335334837436676,1740,0.2,144.82450331125827,166.26995582222975
352000,0.0003,-0.3175432451069355,0.006822829,403.40087890625,0.00012264614956661646,0.06384999928995967,628.2310729598998,0.09141498804092407,0.33521541953086853,1750,0.2,144.96334431630973,166.9506504367157
354000,0.0003,-0.3290970078855753,0.0039170957,276.8103332519531,0.0012686949953123984,0.06714999956078828,467.71230247497556,0.0923757553100586,0.3403790593147278,1760,0.2,144.8988948014736,167.27043516472907
356000,0.0003,-0.33489880062639715,0.006941906,369.4205017089844,-0.00273182149263739,0.10639999962411821,711.0568410110474,0.10012614727020264,0.33990761637687683,1770,0.2,144.29428455614106,166.86021685556614
358000,0.0003,-0.3396665772795677,0.0060955966,463.9974060058594,-0.0005993243271600335,0.061899999594315885,920.8816341400146,0.0507129430770874,0.3427313268184662,1780,0.2,143.7942948975492,166.2753646941657
360000,0.0003,-0.34369818061590196,0.005429966,267.18902587890625,-0.00020397133222286535,0.06839999955147505,639.7911931991578,-0.022892236709594727,0.34324589371681213,1790,0.2,143.65868263473052,166.554177962977
362000,0.0003,-0.3417841353267431,0.012707437,294.9337463378906,0.0005038814531488245,0.10854999954812229,517.4287699127198,0.022431135177612305,0.34290504455566406,1800,0.2,143.72835583796663,167.03568245982447
364000,0.0003,-0.3519566352665424,0.008496706,225.574951171875,-0.0002477379454132445,0.08424999973736703,464.5973156738281,0.1357840895652771,0.3422372043132782,1810,0.2,143.4200157604413,167.0317310585447
366000,0.0003,-0.3590880584716797,0.004230969,307.13262939453125,0.0005204920498523435,0.054599999459460376,733.7040636444092,0.02664250135421753,0.3450368344783783,1820,0.2,142.79438158408115,166.4130171270636
368000,0.0003,-0.37004785880446434,0.004465797,387.24395751953125,0.00037176719657836086,0.06969999918714166,721.2626808929443,0.09047102928161621,0.34665647149086,1830,0.2,142.572258814413,166.49210571544074
370000,0.0003,-0.3747237938642502,0.0068990947,356.9415588378906,-0.00023194394217571635,0.098449999531731,561.8263586425782,0.06596869230270386,0.3464106619358063,1840,0.2,142.4820809248555,165.8299931047915
372000,0.0003,-0.37120623864233493,0.017942447,135.61094665527344,0.0022417281464473483,0.11894999979063868,329.7669855308533,0.29786407947540283,0.3487483859062195,1850,0.2,142.41845329249617,166.1350323917232
374000,0.0003,-0.3824589664489031,0.0067257965,190.83401489257812,0.0007413079730453287,0.09759999980218709,489.686089553833,0.18798625469207764,0.3523434102535248,1860,0.2,142.03987846562856,165.96782454953797
376000,0.0003,-0.39368126675486564,0.0076516615,397.91094970703125,0.0021720168383924853,0.09989999931305647,647.8210670852661,0.040125250816345215,0.35592061281204224,1870,0.2,142.30355791067373,166.78118429793483
378000,0.0003,-0.4133663719892502,0.0149815185,32.45341491699219,0.00466485837946749,0.13964999946765602,300.4293530845642,0.11402273178100586,0.3631395399570465,1880,0.2,142.35291902071563,167.2089743582361
380000,0.0003,-0.42929788276553155,0.008447287,136.3386993408203,0.0014522333232180173,0.09749999932013452,538.6651998901367,0.32687538862228394,0.36114901304244995,1890,0.2,141.6209467014536,166.48406326378066
382000,0.0003,-0.41887357547879217,0.0062870337,397.9029541015625,-0.002013167903159205,0.062149999495595694,858.5459130859375,-0.03405284881591797,0.36151620745658875,1900,0.2,141.2011090573013,166.23365764415104
384000,0.0003,-0.4087611673772335,0.009898712,192.51690673828125,-0.0036821926866694808,0.10369999958202243,633.8961432647706,0.030833125114440918,0.35748082399368286,1910,0.2,141.03822124219036,166.34504700000267
386000,0.0003,-0.4050282496213913,0.0032111965,233.6186981201172,0.002441714443451932,0.10704999949783087,499.30539543151855,0.009647846221923828,0.36021023988723755,1920,0.2,140.81794965341118,166.40121738416371
388000,0.0003,-0.4031836739182472,0.009217956,380.2372741699219,0.00027207302436362826,0.08749999930150806,628.895573387146,0.15981781482696533,0.35825595259666443,1930,0.2,140.52465554749818,166.16471916864973
390000,0.0003,-0.4051411610096693,0.008257857,229.55447387695312,0.0020791624047405933,0.06924999933689832,595.4545544052124,0.15919995307922363,0.3605623245239258,1940,0.2,140.53945945945947,166.5477257915829
392000,0.0003,-0.4046803502738476,0.007455568,410.323486328125,0.0009780133888627417,0.08079999946057796,551.9265719604492,0.0650259256362915,0.3581590950489044,1950,0.2,140.79849137931035,167.2577671476822
394000,0.0003,-0.39060615576803687,0.009704554,49.864646911621094,0.0027595351303004636,0.09364999970421195,328.91902898788453,0.13879841566085815,0.3583722412586212,1960,0.2,140.14265385983634,166.63009290356788
396000,0.0003,-0.39554364793002605,0.00372434,408.76824951171875,-0.00011859089939171952,0.02719999956898391,880.4502040100098,-0.00700068473815918,0.35924339294433594,1970,0.2,139.4765762592462,165.99353813023887
398000,0.0003,-0.39742916271090506,0.0024214995,459.04107666015625,0.0003165540331665406,0.03869999948889017,728.6239004516601,0.010938405990600586,0.3592195510864258,1980,0.2,138.95389451624172,165.53907545100924
400000,0.0003,-0.39807509258389473,0.006767179,243.84921264648438,-0.0008520611813442924,0.06729999938979744,627.8261511993409,0.09566420316696167,0.3584275245666504,1990,0.2,139.10713043478262,166.08879486355224
402000,0.0003,-0.404793514162302,0.007010968,47.59349822998047,0.0013989334711049883,0.11159999980591237,335.84403667449953,0.10414701700210571,0.359757661819458,2000,0.2,138.80677497407535,165.9795417890379
404000,0.0003,-0.4102869735658169,0.0025296086,544.0462036132812,0.0029328641435167804,0.10119999968446791,627.8359146118164,0.06190776824951172,0.360333114862442,2010,0.2,138.3792394655704,165.72973798599256
406000,0.0003,-0.4043749216943979,0.008510068,412.1049499511719,-0.004922372494780376,0.09009999928995967,739.5478615570069,0.08585423231124878,0.3601403832435608,2020,0.2,138.4699863574352,166.211236761498
408000,0.0003,-0.4063297212868929,0.0072638066,275.435546875,0.002021592482835146,0.06574999942444265,433.27652231216433,0.09730809926986694,0.3604646325111389,2030,0.2,137.85806015545793,165.60580985863604
410000,0.0003,-0.407875597178936,0.005161896,272.2951965332031,0.0008048614125931586,0.04849999944679439,682.0469027709961,-0.07786285877227783,0.3593703806400299,2040,0.2,137.429768689239,165.22265687570092
412000,0.0003,-0.40081988252699374,0.007769724,416.8390197753906,0.0018308885182452173,0.07854999958537519,625.2213265228271,0.030513465404510498,0.35741910338401794,2050,0.2,137.1838161838162,165.05931864519607
414000,0.0003,-0.4013412768393755,0.015638903,238.63845825195312,0.0004735886110000154,0.1416999996546656,509.4023849105835,0.08406734466552734,0.3577480912208557,2060,0.2,136.7142385199868,164.577123100933
416000,0.0003,-0.4017308044433594,0.013275725,162.3431396484375,-0.0010735288898707917,0.10129999921657146,576.9071199798584,0.03173685073852539,0.35690248012542725,2070,0.2,136.12369109947645,163.95947572769774
418000,0.0003,-0.4059826646000147,0.0067271963,440.990966796875,-0.0003714438315926616,0.05914999952539802,561.0612027740478,0.06638413667678833,0.3579118251800537,2080,0.2,135.97104749512036,164.04030001544504
420000,0.0003,-0.4100757123529911,0.0045621814,167.42178344726562,0.0038953749533260627,0.08469999977387488,432.5046570968628,0.04757910966873169,0.3566005825996399,2090,0.2,135.64341085271317,163.56970304145852
422000,0.0003,-0.4106695967912674,0.010376437,192.69984436035156,-0.0010760421357081196,0.10899999949149787,477.9449052810669,0.13602596521377563,0.3590855598449707,2100,0.2,135.35899903753608,163.34738901909154
424000,0.0003,-0.4049703823775053,0.017042587,221.14064025878906,-0.0034824717204752177,0.12274999952875078,505.5194021606445,0.10487359762191772,0.35810160636901855,2110,0.2,134.95447309773957,162.9602146367121
426000,0.0003,-0.3951027472317219,0.005278473,280.3157958984375,0.001418718469374962,0.07544999952428043,530.9769274139404,0.08364039659500122,0.354251503944397,2120,0.2,134.73109775387536,162.75978743932626
428000,0.0003,-0.3811009116470814,0.010297475,229.61900329589844,-0.0020769565851005557,0.10989999931305647,471.2189002990723,0.03062528371810913,0.35348954796791077,2130,0.2,134.53947782321484,162.81382325096186
430000,0.0003,-0.38802550330758095,0.011025068,143.5201873779297,0.0003050005639253861,0.07664999941363931,470.9222802734375,0.05347788333892822,0.35513365268707275,2140,0.2,134.074524477705,162.31867462552478
432000,0.0003,-0.40093485176563265,0.008179063,254.90003967285156,0.0006180154863503961,0.06344999942928553,572.8946226501465,0.10281586647033691,0.3538607954978943,2150,0.2,133.69204580625194,162.0465539918961
434000,0.0003,-0.4023123350739479,0.00897903,236.05067443847656,0.0017037329599834728,0.12504999985918402,493.51537227630615,0.18368422985076904,0.3550323247909546,2160,0.2,133.40854595757762,161.7805044658005
436000,0.0003,-0.40804207712411883,0.011896251,308.464599609375,0.001855950418543808,0.08944999952800572,444.3526091003418,0.21062344312667847,0.3568190336227417,2170,0.2,132.92401586817212,161.23408981715147
438000,0.0003,-0.40369345411658286,0.021555934,390.1427307128906,0.003917630223194465,0.13774999962188303,554.5914134597779,0.044577598571777344,0.3534558415412903,2180,0.2,133.03857837181044,161.7690856838552
440000,0.0003,-0.3874799519777298,0.0072410665,162.83934020996094,0.002817498075113143,0.10939999948255717,399.5036824035644,0.14663344621658325,0.3557487428188324,2190,0.2,132.43257074051775,161.07191121571077
442000,0.0003,-0.3770735074579716,0.007253139,326.9840087890625,-0.001779481150947504,0.07854999935254454,659.0789846801758,0.10199844837188721,0.35269397497177124,2200,0.2,132.31556886227546,161.19122952522244
444000,0.0003,-0.35280076041817665,0.010542825,270.4295349121094,0.0018163831664809393,0.08334999955259263,479.90888610839846,0.031401216983795166,0.34935009479522705,2210,0.2,131.8965824665676,160.87660327432837
446000,0.0003,-0.3466212436556816,0.009093465,120.72549438476562,0.0008840560357025496,0.10349999952130019,636.0194274902344,0.025620996952056885,0.35033050179481506,2220,0.2,131.5269991147831,160.47781748681902
448000,0.0003,-0.341255467236042,0.008256013,260.2328186035156,0.002291488150518042,0.08164999932050705,556.1011720275878,0.06919032335281372,0.34840965270996094,2230,0.2,131.11563231850118,160.1289788731425
450000,0.0003,-0.3406678532063961,0.005965063,196.60926818847656,0.0006061789016654073,0.0591499995905906,538.5340419387817,0.08275240659713745,0.34853988885879517,2240,0.2,130.72748402091807,159.81887215678702
452000,0.0003,-0.3449057960510254,0.0072565726,220.27871704101562,0.002550332879019974,0.07809999936260283,524.3470235061645,0.061760902404785156,0.3490016758441925,2250,0.2,130.22010947853644,159.2144657023819
454000,0.0003,-0.3405478542298079,0.0076647922,239.41668701171875,0.00013517038971276208,0.08854999961331486,516.272886505127,0.03475111722946167,0.3449288606643677,2260,0.2,129.81241063768945,158.87585285357707
456000,0.0003,-0.3279809855669737,0.0035494906,186.05178833007812,0.003323924962595619,0.09184999959543347,463.1200679016113,0.02574080228805542,0.3452645242214203,2270,0.2,129.50781028117012,158.70252781492198
458000,0.0003,-0.3194950064271688,0.011889287,180.38938903808594,0.0015372919481047554,0.07034999967552721,474.8930103683472,0.15999746322631836,0.34034645557403564,2280,0.2,129.15595036661026,158.3856831356497
460000,0.0003,-0.3137577514350414,0.008306878,246.02963256835938,0.0014599376066930603,0.07724999934434891,507.89634632110597,0.0737336277961731,0.3415188193321228,2290,0.2,128.8750350238162,158.24838331404462
462000,0.0003,-0.30390173077583316,0.010602081,332.9399719238281,0.003093816142755439,0.11014999941922725,511.52040798187255,0.01593858003616333,0.337924599647522,2300,0.2,128.7884025648174,158.42997686011196
464000,0.0003,-0.29851169787347315,0.008412725,304.0675048828125,0.0013735751661981333,0.10719999955967069,476.6636870574951,0.044207632541656494,0.3372947871685028,2310,0.2,128.44075304540422,158.19248194833892
466000,0.0003,-0.29595363400876523,0.006717903,365.53875732421875,0.0034783169802769364,0.0935499996226281,632.9687913513184,0.01936274766921997,0.334998220205307,2320,0.2,128.17826685006878,158.07925139503777
468000,0.0003,-0.29530493684113024,0.009293208,148.4756622314453,-0.001889481736940084,0.07364999936893582,558.2441297149658,0.09732121229171753,0.33386048674583435,2330,0.2,127.6881309686221,157.49215786888905
470000,0.0003,-0.2998219010233879,0.006334455,428.77557373046875,0.001272432690720251,0.06579999936744571,613.2784931182862,0.05541110038757324,0.3363778293132782,2340,0.2,127.36260162601626,157.27930355678987
472000,0.0003,-0.303598785623908,0.00683026,268.05377197265625,-0.0018131731705943821,0.05699999950826168,533.8601857376099,0.025686979293823242,0.3348401188850403,2350,0.2,127.1123081066523,157.1354861980817
474000,0.0003,-0.3002468539774418,0.014931115,378.867431640625,0.0018775110576148358,0.11239999957382679,521.0721067810059,0.06549465656280518,0.3332744538784027,2360,0.2,126.86188436830835,156.99006732151727
476000,0.0003,-0.31286668077111246,0.011374715,302.95245361328125,0.0003178982756053372,0.09649999964050948,526.678480834961,0.019751429557800293,0.33913886547088623,2370,0.2,126.39707835325365,156.43610780613182
478000,0.0003,-0.3260010144114494,0.008299041,323.48876953125,-0.0020175635667445046,0.08689999937079847,551.8279134750367,0.10799294710159302,0.33698904514312744,2380,0.2,126.32513877874703,156.54822721992758
480000,0.0003,-0.3208959140628576,0.010191336,263.79071044921875,0.0007786964740499603,0.11759999946691096,442.5060708618164,0.1176484227180481,0.33837389945983887,2390,0.2,126.23671751709627,156.59161307215916
482000,0.0003,-0.32061367891728876,0.0058064577,310.5959167480469,0.0021652954909650644,0.06479999951086939,532.9481760787963,0.12225520610809326,0.3369162678718567,2400,0.2,125.91327063740857,156.29716523234768
484000,0.0003,-0.3111689879745245,0.01045409,323.5335998535156,0.003245849739374993,0.10054999953135849,583.7951674652099,0.056455910205841064,0.3349815309047699,2410,0.2,125.94664237376367,156.46888191189015
486000,0.0003,-0.30806291438639166,0.0050141993,142.03225708007812,0.0009135769268417704,0.11839999938383698,367.49531328201294,0.07582515478134155,0.33824673295021057,2420,0.2,125.98676699532953,156.7174132579322
488000,0.0003,-0.30997506380081175,0.0075700665,190.1559600830078,0.0029422626282026697,0.12549999959766864,433.8057781791687,0.13420063257217407,0.34073522686958313,2430,0.2,126.08787800465237,157.10501410532828
490000,0.0003,-0.32319722734391687,0.0049269,352.8006896972656,0.0014826821903501663,0.1063499993737787,514.2880955505372,0.18248111009597778,0.34635844826698303,2440,0.2,125.92903059912574,156.96279649093543
492000,0.0003,-0.33942392796278,0.008704262,217.08908081054688,-0.0009757668105590688,0.07934999955818058,731.632264175415,0.26048487424850464,0.34734997153282166,2450,0.2,126.1497435897436,157.48756515956148
494000,0.0003,-0.321639309450984,0.0077566938,134.4769744873047,-0.0007896797943712963,0.13389999949373305,398.05539772033694,0.36607128381729126,0.34444648027420044,2460,0.2,126.30989516747636,157.9598853364103
496000,0.0003,-0.2887127547711134,0.004707952,342.4903869628906,-4.431355817759997e-05,0.09884999994188547,477.36383140563964,0.24821335077285767,0.3384859263896942,2470,0.2,126.36986999745093,158.25831001885317
498000,0.0003,-0.27316001631319525,0.010631881,399.9264221191406,-0.002548450262185007,0.1110999997984618,651.5561149215698,0.026353001594543457,0.341032475233078,2480,0.2,126.47015494030988,158.64321041260615
500000,0.0003,-0.2726619112491608,0.0032282833,272.67388916015625,0.0020832965460118435,0.07189999953843654,746.1950719451904,0.11611217260360718,0.3384549617767334,2490,0.2,126.57594936708861,158.96163878223982
